ISO-10303-21;
HEADER;
/* Generated by software containing ST-Developer
 * from STEP Tools, Inc. (www.steptools.com) 
 */
/* OPTION: using custom renumber hook */

FILE_DESCRIPTION(
/* description */ ('STEP AP242 Edition 2',
'CAx-IF Rec.Pracs.---Representation and Presentation of Product Manufa
cturing Information (PMI)---4.0---2014-10-13',
'CAx-IF Rec.Pracs.---3D Tessellated Geometry---0.4---2014-09-14','2;1',
'CAx-IF Rec.Pracs.---User Defined Attributes---1.5---2016-08-15'),
/* implementation_level */ '2;1');

FILE_NAME(
/* name */ 'Exodia_basev3',
/* time_stamp */ '2026-09-04T09:12:58Z',
/* author */ (''),
/* organization */ (''),
/* preprocessor_version */ 'ST-DEVELOPER v20',
/* originating_system */ 'ONSHAPE BY PTC INC, 1.220',
/* authorisation */ '  ');

FILE_SCHEMA (('AP242_MANAGED_MODEL_BASED_3D_ENGINEERING_MIM_LF { 1 0 10303 442 3 1 4 }'));
ENDSEC;

DATA;
#10=SHAPE_REPRESENTATION_RELATIONSHIP('','',#1866,#11);
#11=ADVANCED_BREP_SHAPE_REPRESENTATION('',(#1864),#2996);
#12=LINE('',#2498,#205);
#13=LINE('',#2501,#206);
#14=LINE('',#2503,#207);
#15=LINE('',#2505,#208);
#16=LINE('',#2507,#209);
#17=LINE('',#2510,#210);
#18=LINE('',#2512,#211);
#19=LINE('',#2514,#212);
#20=LINE('',#2538,#213);
#21=LINE('',#2541,#214);
#22=LINE('',#2543,#215);
#23=LINE('',#2545,#216);
#24=LINE('',#2547,#217);
#25=LINE('',#2549,#218);
#26=LINE('',#2551,#219);
#27=LINE('',#2553,#220);
#28=LINE('',#2554,#221);
#29=LINE('',#2557,#222);
#30=LINE('',#2559,#223);
#31=LINE('',#2561,#224);
#32=LINE('',#2562,#225);
#33=LINE('',#2565,#226);
#34=LINE('',#2567,#227);
#35=LINE('',#2569,#228);
#36=LINE('',#2570,#229);
#37=LINE('',#2572,#230);
#38=LINE('',#2574,#231);
#39=LINE('',#2576,#232);
#40=LINE('',#2578,#233);
#41=LINE('',#2580,#234);
#42=LINE('',#2582,#235);
#43=LINE('',#2584,#236);
#44=LINE('',#2586,#237);
#45=LINE('',#2588,#238);
#46=LINE('',#2590,#239);
#47=LINE('',#2592,#240);
#48=LINE('',#2594,#241);
#49=LINE('',#2596,#242);
#50=LINE('',#2598,#243);
#51=LINE('',#2600,#244);
#52=LINE('',#2602,#245);
#53=LINE('',#2604,#246);
#54=LINE('',#2606,#247);
#55=LINE('',#2608,#248);
#56=LINE('',#2610,#249);
#57=LINE('',#2612,#250);
#58=LINE('',#2614,#251);
#59=LINE('',#2616,#252);
#60=LINE('',#2618,#253);
#61=LINE('',#2620,#254);
#62=LINE('',#2622,#255);
#63=LINE('',#2624,#256);
#64=LINE('',#2626,#257);
#65=LINE('',#2628,#258);
#66=LINE('',#2630,#259);
#67=LINE('',#2632,#260);
#68=LINE('',#2634,#261);
#69=LINE('',#2636,#262);
#70=LINE('',#2639,#263);
#71=LINE('',#2640,#264);
#72=LINE('',#2642,#265);
#73=LINE('',#2645,#266);
#74=LINE('',#2646,#267);
#75=LINE('',#2648,#268);
#76=LINE('',#2650,#269);
#77=LINE('',#2652,#270);
#78=LINE('',#2654,#271);
#79=LINE('',#2656,#272);
#80=LINE('',#2658,#273);
#81=LINE('',#2659,#274);
#82=LINE('',#2661,#275);
#83=LINE('',#2663,#276);
#84=LINE('',#2664,#277);
#85=LINE('',#2666,#278);
#86=LINE('',#2668,#279);
#87=LINE('',#2670,#280);
#88=LINE('',#2671,#281);
#89=LINE('',#2673,#282);
#90=LINE('',#2675,#283);
#91=LINE('',#2677,#284);
#92=LINE('',#2679,#285);
#93=LINE('',#2680,#286);
#94=LINE('',#2682,#287);
#95=LINE('',#2684,#288);
#96=LINE('',#2686,#289);
#97=LINE('',#2688,#290);
#98=LINE('',#2690,#291);
#99=LINE('',#2692,#292);
#100=LINE('',#2723,#293);
#101=LINE('',#2725,#294);
#102=LINE('',#2727,#295);
#103=LINE('',#2729,#296);
#104=LINE('',#2733,#297);
#105=LINE('',#2736,#298);
#106=LINE('',#2738,#299);
#107=LINE('',#2740,#300);
#108=LINE('',#2744,#301);
#109=LINE('',#2746,#302);
#110=LINE('',#2750,#303);
#111=LINE('',#2752,#304);
#112=LINE('',#2754,#305);
#113=LINE('',#2755,#306);
#114=LINE('',#2757,#307);
#115=LINE('',#2759,#308);
#116=LINE('',#2761,#309);
#117=LINE('',#2763,#310);
#118=LINE('',#2765,#311);
#119=LINE('',#2767,#312);
#120=LINE('',#2771,#313);
#121=LINE('',#2773,#314);
#122=LINE('',#2775,#315);
#123=LINE('',#2777,#316);
#124=LINE('',#2781,#317);
#125=LINE('',#2784,#318);
#126=LINE('',#2785,#319);
#127=LINE('',#2789,#320);
#128=LINE('',#2793,#321);
#129=LINE('',#2796,#322);
#130=LINE('',#2799,#323);
#131=LINE('',#2801,#324);
#132=LINE('',#2803,#325);
#133=LINE('',#2805,#326);
#134=LINE('',#2807,#327);
#135=LINE('',#2809,#328);
#136=LINE('',#2811,#329);
#137=LINE('',#2812,#330);
#138=LINE('',#2814,#331);
#139=LINE('',#2818,#332);
#140=LINE('',#2820,#333);
#141=LINE('',#2822,#334);
#142=LINE('',#2824,#335);
#143=LINE('',#2826,#336);
#144=LINE('',#2828,#337);
#145=LINE('',#2830,#338);
#146=LINE('',#2831,#339);
#147=LINE('',#2834,#340);
#148=LINE('',#2836,#341);
#149=LINE('',#2838,#342);
#150=LINE('',#2839,#343);
#151=LINE('',#2841,#344);
#152=LINE('',#2843,#345);
#153=LINE('',#2845,#346);
#154=LINE('',#2846,#347);
#155=LINE('',#2848,#348);
#156=LINE('',#2850,#349);
#157=LINE('',#2853,#350);
#158=LINE('',#2855,#351);
#159=LINE('',#2857,#352);
#160=LINE('',#2861,#353);
#161=LINE('',#2863,#354);
#162=LINE('',#2865,#355);
#163=LINE('',#2867,#356);
#164=LINE('',#2871,#357);
#165=LINE('',#2876,#358);
#166=LINE('',#2880,#359);
#167=LINE('',#2885,#360);
#168=LINE('',#2889,#361);
#169=LINE('',#2894,#362);
#170=LINE('',#2896,#363);
#171=LINE('',#2898,#364);
#172=LINE('',#2900,#365);
#173=LINE('',#2902,#366);
#174=LINE('',#2906,#367);
#175=LINE('',#2908,#368);
#176=LINE('',#2910,#369);
#177=LINE('',#2921,#370);
#178=LINE('',#2923,#371);
#179=LINE('',#2925,#372);
#180=LINE('',#2927,#373);
#181=LINE('',#2929,#374);
#182=LINE('',#2931,#375);
#183=LINE('',#2933,#376);
#184=LINE('',#2935,#377);
#185=LINE('',#2937,#378);
#186=LINE('',#2939,#379);
#187=LINE('',#2941,#380);
#188=LINE('',#2942,#381);
#189=LINE('',#2944,#382);
#190=LINE('',#2946,#383);
#191=LINE('',#2948,#384);
#192=LINE('',#2950,#385);
#193=LINE('',#2952,#386);
#194=LINE('',#2954,#387);
#195=LINE('',#2956,#388);
#196=LINE('',#2958,#389);
#197=LINE('',#2960,#390);
#198=LINE('',#2962,#391);
#199=LINE('',#2963,#392);
#200=LINE('',#2965,#393);
#201=LINE('',#2977,#394);
#202=LINE('',#2979,#395);
#203=LINE('',#2982,#396);
#204=LINE('',#2984,#397);
#205=VECTOR('',#2025,1.);
#206=VECTOR('',#2026,1.);
#207=VECTOR('',#2027,1.);
#208=VECTOR('',#2028,1.);
#209=VECTOR('',#2031,1.);
#210=VECTOR('',#2032,1.);
#211=VECTOR('',#2033,1.);
#212=VECTOR('',#2034,1.);
#213=VECTOR('',#2059,1.);
#214=VECTOR('',#2060,1.);
#215=VECTOR('',#2061,1.);
#216=VECTOR('',#2062,1.);
#217=VECTOR('',#2063,1.);
#218=VECTOR('',#2064,1.);
#219=VECTOR('',#2065,1.);
#220=VECTOR('',#2066,1.);
#221=VECTOR('',#2067,1.);
#222=VECTOR('',#2068,1.);
#223=VECTOR('',#2069,1.);
#224=VECTOR('',#2070,1.);
#225=VECTOR('',#2071,1.);
#226=VECTOR('',#2072,1.);
#227=VECTOR('',#2073,1.);
#228=VECTOR('',#2074,1.);
#229=VECTOR('',#2075,1.);
#230=VECTOR('',#2076,1.);
#231=VECTOR('',#2077,1.);
#232=VECTOR('',#2078,1.);
#233=VECTOR('',#2079,1.);
#234=VECTOR('',#2080,1.);
#235=VECTOR('',#2081,1.);
#236=VECTOR('',#2082,1.);
#237=VECTOR('',#2083,1.);
#238=VECTOR('',#2084,1.);
#239=VECTOR('',#2085,1.);
#240=VECTOR('',#2086,1.);
#241=VECTOR('',#2087,1.);
#242=VECTOR('',#2088,1.);
#243=VECTOR('',#2089,1.);
#244=VECTOR('',#2090,1.);
#245=VECTOR('',#2091,1.);
#246=VECTOR('',#2092,1.);
#247=VECTOR('',#2093,1.);
#248=VECTOR('',#2094,1.);
#249=VECTOR('',#2095,1.);
#250=VECTOR('',#2096,1.);
#251=VECTOR('',#2097,1.);
#252=VECTOR('',#2098,1.);
#253=VECTOR('',#2099,1.);
#254=VECTOR('',#2100,1.);
#255=VECTOR('',#2101,1.);
#256=VECTOR('',#2102,1.);
#257=VECTOR('',#2103,1.);
#258=VECTOR('',#2104,1.);
#259=VECTOR('',#2105,1.);
#260=VECTOR('',#2106,1.);
#261=VECTOR('',#2107,1.);
#262=VECTOR('',#2110,1.);
#263=VECTOR('',#2111,1.);
#264=VECTOR('',#2112,1.);
#265=VECTOR('',#2115,1.);
#266=VECTOR('',#2116,1.);
#267=VECTOR('',#2117,1.);
#268=VECTOR('',#2118,1.);
#269=VECTOR('',#2119,1.);
#270=VECTOR('',#2122,1.);
#271=VECTOR('',#2123,1.);
#272=VECTOR('',#2126,1.);
#273=VECTOR('',#2127,1.);
#274=VECTOR('',#2128,1.);
#275=VECTOR('',#2129,1.);
#276=VECTOR('',#2130,1.);
#277=VECTOR('',#2131,1.);
#278=VECTOR('',#2132,1.);
#279=VECTOR('',#2133,1.);
#280=VECTOR('',#2136,1.);
#281=VECTOR('',#2137,1.);
#282=VECTOR('',#2138,1.);
#283=VECTOR('',#2139,1.);
#284=VECTOR('',#2140,1.);
#285=VECTOR('',#2141,1.);
#286=VECTOR('',#2142,1.);
#287=VECTOR('',#2143,1.);
#288=VECTOR('',#2144,1.);
#289=VECTOR('',#2145,1.);
#290=VECTOR('',#2146,1.);
#291=VECTOR('',#2147,1.);
#292=VECTOR('',#2148,1.);
#293=VECTOR('',#2181,1.);
#294=VECTOR('',#2182,1.);
#295=VECTOR('',#2185,1.);
#296=VECTOR('',#2186,1.);
#297=VECTOR('',#2191,1.);
#298=VECTOR('',#2196,1.);
#299=VECTOR('',#2197,1.);
#300=VECTOR('',#2198,1.);
#301=VECTOR('',#2203,1.);
#302=VECTOR('',#2204,1.);
#303=VECTOR('',#2209,1.);
#304=VECTOR('',#2210,1.);
#305=VECTOR('',#2213,1.);
#306=VECTOR('',#2214,1.);
#307=VECTOR('',#2215,1.);
#308=VECTOR('',#2216,1.);
#309=VECTOR('',#2217,1.);
#310=VECTOR('',#2218,1.);
#311=VECTOR('',#2219,1.);
#312=VECTOR('',#2220,1.);
#313=VECTOR('',#2225,1.);
#314=VECTOR('',#2226,1.);
#315=VECTOR('',#2229,1.);
#316=VECTOR('',#2230,1.);
#317=VECTOR('',#2235,1.);
#318=VECTOR('',#2240,1.);
#319=VECTOR('',#2241,1.);
#320=VECTOR('',#2246,1.);
#321=VECTOR('',#2251,1.);
#322=VECTOR('',#2256,1.);
#323=VECTOR('',#2261,1.);
#324=VECTOR('',#2262,1.);
#325=VECTOR('',#2265,1.);
#326=VECTOR('',#2266,1.);
#327=VECTOR('',#2267,1.);
#328=VECTOR('',#2268,1.);
#329=VECTOR('',#2271,1.);
#330=VECTOR('',#2272,1.);
#331=VECTOR('',#2275,1.);
#332=VECTOR('',#2282,1.);
#333=VECTOR('',#2283,1.);
#334=VECTOR('',#2284,1.);
#335=VECTOR('',#2285,1.);
#336=VECTOR('',#2286,1.);
#337=VECTOR('',#2287,1.);
#338=VECTOR('',#2290,1.);
#339=VECTOR('',#2291,1.);
#340=VECTOR('',#2296,1.);
#341=VECTOR('',#2297,1.);
#342=VECTOR('',#2300,1.);
#343=VECTOR('',#2301,1.);
#344=VECTOR('',#2304,1.);
#345=VECTOR('',#2305,1.);
#346=VECTOR('',#2306,1.);
#347=VECTOR('',#2307,1.);
#348=VECTOR('',#2308,1.);
#349=VECTOR('',#2309,1.);
#350=VECTOR('',#2314,1.);
#351=VECTOR('',#2315,1.);
#352=VECTOR('',#2316,1.);
#353=VECTOR('',#2321,1.);
#354=VECTOR('',#2322,1.);
#355=VECTOR('',#2325,1.);
#356=VECTOR('',#2326,1.);
#357=VECTOR('',#2331,1.);
#358=VECTOR('',#2338,1.);
#359=VECTOR('',#2343,1.);
#360=VECTOR('',#2350,1.);
#361=VECTOR('',#2355,1.);
#362=VECTOR('',#2362,1.);
#363=VECTOR('',#2363,1.);
#364=VECTOR('',#2364,1.);
#365=VECTOR('',#2367,1.);
#366=VECTOR('',#2368,1.);
#367=VECTOR('',#2373,1.);
#368=VECTOR('',#2374,1.);
#369=VECTOR('',#2377,1.);
#370=VECTOR('',#2398,1.);
#371=VECTOR('',#2399,1.);
#372=VECTOR('',#2400,1.);
#373=VECTOR('',#2403,1.);
#374=VECTOR('',#2404,1.);
#375=VECTOR('',#2405,1.);
#376=VECTOR('',#2406,1.);
#377=VECTOR('',#2409,1.);
#378=VECTOR('',#2410,1.);
#379=VECTOR('',#2413,1.);
#380=VECTOR('',#2414,1.);
#381=VECTOR('',#2415,1.);
#382=VECTOR('',#2418,1.);
#383=VECTOR('',#2419,1.);
#384=VECTOR('',#2422,1.);
#385=VECTOR('',#2423,1.);
#386=VECTOR('',#2424,1.);
#387=VECTOR('',#2425,1.);
#388=VECTOR('',#2428,1.);
#389=VECTOR('',#2429,1.);
#390=VECTOR('',#2432,1.);
#391=VECTOR('',#2433,1.);
#392=VECTOR('',#2434,1.);
#393=VECTOR('',#2435,1.);
#394=VECTOR('',#2458,1.);
#395=VECTOR('',#2461,1.);
#396=VECTOR('',#2466,1.);
#397=VECTOR('',#2469,1.);
#398=PLANE('',#1874);
#399=PLANE('',#1875);
#400=PLANE('',#1876);
#401=PLANE('',#1888);
#402=PLANE('',#1889);
#403=PLANE('',#1890);
#404=PLANE('',#1891);
#405=PLANE('',#1892);
#406=PLANE('',#1893);
#407=PLANE('',#1907);
#408=PLANE('',#1909);
#409=PLANE('',#1910);
#410=PLANE('',#1912);
#411=PLANE('',#1913);
#412=PLANE('',#1914);
#413=PLANE('',#1916);
#414=PLANE('',#1918);
#415=PLANE('',#1919);
#416=PLANE('',#1921);
#417=PLANE('',#1922);
#418=PLANE('',#1924);
#419=PLANE('',#1925);
#420=PLANE('',#1926);
#421=PLANE('',#1928);
#422=PLANE('',#1930);
#423=PLANE('',#1931);
#424=PLANE('',#1932);
#425=PLANE('',#1933);
#426=PLANE('',#1934);
#427=PLANE('',#1935);
#428=PLANE('',#1936);
#429=PLANE('',#1937);
#430=PLANE('',#1938);
#431=PLANE('',#1939);
#432=PLANE('',#1940);
#433=PLANE('',#1941);
#434=PLANE('',#1942);
#435=PLANE('',#1943);
#436=PLANE('',#1944);
#437=PLANE('',#1945);
#438=PLANE('',#1946);
#439=PLANE('',#1947);
#440=PLANE('',#1949);
#441=PLANE('',#1950);
#442=PLANE('',#1952);
#443=PLANE('',#1953);
#444=PLANE('',#1955);
#445=PLANE('',#1957);
#446=PLANE('',#1958);
#447=PLANE('',#1960);
#448=PLANE('',#1962);
#449=PLANE('',#1963);
#450=PLANE('',#1965);
#451=PLANE('',#1966);
#452=PLANE('',#1968);
#453=PLANE('',#1969);
#454=PLANE('',#1978);
#455=PLANE('',#1979);
#456=PLANE('',#1980);
#457=PLANE('',#1981);
#458=PLANE('',#1982);
#459=PLANE('',#1983);
#460=PLANE('',#1984);
#461=PLANE('',#1985);
#462=PLANE('',#1996);
#463=PLANE('',#1997);
#464=PLANE('',#1998);
#465=PLANE('',#1999);
#466=PLANE('',#2000);
#467=PLANE('',#2001);
#468=PLANE('',#2003);
#469=PLANE('',#2006);
#470=ORIENTED_EDGE('',*,*,#948,.T.);
#471=ORIENTED_EDGE('',*,*,#949,.F.);
#472=ORIENTED_EDGE('',*,*,#950,.T.);
#473=ORIENTED_EDGE('',*,*,#951,.F.);
#474=ORIENTED_EDGE('',*,*,#952,.F.);
#475=ORIENTED_EDGE('',*,*,#953,.T.);
#476=ORIENTED_EDGE('',*,*,#954,.T.);
#477=ORIENTED_EDGE('',*,*,#955,.F.);
#478=ORIENTED_EDGE('',*,*,#956,.T.);
#479=ORIENTED_EDGE('',*,*,#957,.T.);
#480=ORIENTED_EDGE('',*,*,#958,.F.);
#481=ORIENTED_EDGE('',*,*,#959,.F.);
#482=ORIENTED_EDGE('',*,*,#960,.F.);
#483=ORIENTED_EDGE('',*,*,#961,.F.);
#484=ORIENTED_EDGE('',*,*,#962,.F.);
#485=ORIENTED_EDGE('',*,*,#963,.F.);
#486=ORIENTED_EDGE('',*,*,#964,.F.);
#487=ORIENTED_EDGE('',*,*,#965,.F.);
#488=ORIENTED_EDGE('',*,*,#966,.F.);
#489=ORIENTED_EDGE('',*,*,#967,.F.);
#490=ORIENTED_EDGE('',*,*,#968,.F.);
#491=ORIENTED_EDGE('',*,*,#969,.F.);
#492=ORIENTED_EDGE('',*,*,#970,.F.);
#493=ORIENTED_EDGE('',*,*,#971,.T.);
#494=ORIENTED_EDGE('',*,*,#972,.T.);
#495=ORIENTED_EDGE('',*,*,#973,.F.);
#496=ORIENTED_EDGE('',*,*,#974,.F.);
#497=ORIENTED_EDGE('',*,*,#975,.T.);
#498=ORIENTED_EDGE('',*,*,#976,.F.);
#499=ORIENTED_EDGE('',*,*,#977,.F.);
#500=ORIENTED_EDGE('',*,*,#978,.T.);
#501=ORIENTED_EDGE('',*,*,#979,.T.);
#502=ORIENTED_EDGE('',*,*,#980,.T.);
#503=ORIENTED_EDGE('',*,*,#981,.F.);
#504=ORIENTED_EDGE('',*,*,#982,.F.);
#505=ORIENTED_EDGE('',*,*,#983,.T.);
#506=ORIENTED_EDGE('',*,*,#984,.T.);
#507=ORIENTED_EDGE('',*,*,#985,.F.);
#508=ORIENTED_EDGE('',*,*,#986,.F.);
#509=ORIENTED_EDGE('',*,*,#958,.T.);
#510=ORIENTED_EDGE('',*,*,#987,.T.);
#511=ORIENTED_EDGE('',*,*,#988,.T.);
#512=ORIENTED_EDGE('',*,*,#989,.F.);
#513=ORIENTED_EDGE('',*,*,#990,.T.);
#514=ORIENTED_EDGE('',*,*,#991,.F.);
#515=ORIENTED_EDGE('',*,*,#992,.F.);
#516=ORIENTED_EDGE('',*,*,#993,.T.);
#517=ORIENTED_EDGE('',*,*,#994,.T.);
#518=ORIENTED_EDGE('',*,*,#995,.T.);
#519=ORIENTED_EDGE('',*,*,#996,.F.);
#520=ORIENTED_EDGE('',*,*,#997,.F.);
#521=ORIENTED_EDGE('',*,*,#998,.T.);
#522=ORIENTED_EDGE('',*,*,#999,.T.);
#523=ORIENTED_EDGE('',*,*,#1000,.F.);
#524=ORIENTED_EDGE('',*,*,#1001,.F.);
#525=ORIENTED_EDGE('',*,*,#1002,.T.);
#526=ORIENTED_EDGE('',*,*,#1003,.F.);
#527=ORIENTED_EDGE('',*,*,#1004,.T.);
#528=ORIENTED_EDGE('',*,*,#1005,.F.);
#529=ORIENTED_EDGE('',*,*,#1006,.T.);
#530=ORIENTED_EDGE('',*,*,#1007,.T.);
#531=ORIENTED_EDGE('',*,*,#1008,.T.);
#532=ORIENTED_EDGE('',*,*,#1009,.F.);
#533=ORIENTED_EDGE('',*,*,#1010,.T.);
#534=ORIENTED_EDGE('',*,*,#1011,.T.);
#535=ORIENTED_EDGE('',*,*,#1012,.T.);
#536=ORIENTED_EDGE('',*,*,#1013,.T.);
#537=ORIENTED_EDGE('',*,*,#1014,.F.);
#538=ORIENTED_EDGE('',*,*,#1015,.F.);
#539=ORIENTED_EDGE('',*,*,#1016,.T.);
#540=ORIENTED_EDGE('',*,*,#1017,.T.);
#541=ORIENTED_EDGE('',*,*,#1018,.T.);
#542=ORIENTED_EDGE('',*,*,#1019,.F.);
#543=ORIENTED_EDGE('',*,*,#1020,.T.);
#544=ORIENTED_EDGE('',*,*,#1021,.T.);
#545=ORIENTED_EDGE('',*,*,#1016,.F.);
#546=ORIENTED_EDGE('',*,*,#1022,.F.);
#547=ORIENTED_EDGE('',*,*,#1023,.F.);
#548=ORIENTED_EDGE('',*,*,#1024,.F.);
#549=ORIENTED_EDGE('',*,*,#992,.T.);
#550=ORIENTED_EDGE('',*,*,#1025,.F.);
#551=ORIENTED_EDGE('',*,*,#1026,.T.);
#552=ORIENTED_EDGE('',*,*,#1027,.T.);
#553=ORIENTED_EDGE('',*,*,#1028,.T.);
#554=ORIENTED_EDGE('',*,*,#1029,.F.);
#555=ORIENTED_EDGE('',*,*,#993,.F.);
#556=ORIENTED_EDGE('',*,*,#1024,.T.);
#557=ORIENTED_EDGE('',*,*,#1030,.T.);
#558=ORIENTED_EDGE('',*,*,#1031,.F.);
#559=ORIENTED_EDGE('',*,*,#1002,.F.);
#560=ORIENTED_EDGE('',*,*,#1032,.F.);
#561=ORIENTED_EDGE('',*,*,#1033,.F.);
#562=ORIENTED_EDGE('',*,*,#1034,.T.);
#563=ORIENTED_EDGE('',*,*,#998,.F.);
#564=ORIENTED_EDGE('',*,*,#1035,.F.);
#565=ORIENTED_EDGE('',*,*,#1036,.F.);
#566=ORIENTED_EDGE('',*,*,#1037,.T.);
#567=ORIENTED_EDGE('',*,*,#994,.F.);
#568=ORIENTED_EDGE('',*,*,#1029,.T.);
#569=ORIENTED_EDGE('',*,*,#1038,.F.);
#570=ORIENTED_EDGE('',*,*,#1027,.F.);
#571=ORIENTED_EDGE('',*,*,#1039,.T.);
#572=ORIENTED_EDGE('',*,*,#1040,.T.);
#573=ORIENTED_EDGE('',*,*,#1041,.T.);
#574=ORIENTED_EDGE('',*,*,#1042,.F.);
#575=ORIENTED_EDGE('',*,*,#1043,.T.);
#576=ORIENTED_EDGE('',*,*,#1022,.T.);
#577=ORIENTED_EDGE('',*,*,#1015,.T.);
#578=ORIENTED_EDGE('',*,*,#1044,.F.);
#579=ORIENTED_EDGE('',*,*,#1045,.T.);
#580=ORIENTED_EDGE('',*,*,#1046,.T.);
#581=ORIENTED_EDGE('',*,*,#1047,.T.);
#582=ORIENTED_EDGE('',*,*,#1048,.F.);
#583=ORIENTED_EDGE('',*,*,#1049,.T.);
#584=ORIENTED_EDGE('',*,*,#1050,.T.);
#585=ORIENTED_EDGE('',*,*,#1003,.T.);
#586=ORIENTED_EDGE('',*,*,#1031,.T.);
#587=ORIENTED_EDGE('',*,*,#1051,.F.);
#588=ORIENTED_EDGE('',*,*,#1052,.F.);
#589=ORIENTED_EDGE('',*,*,#1053,.T.);
#590=ORIENTED_EDGE('',*,*,#1054,.T.);
#591=ORIENTED_EDGE('',*,*,#1055,.T.);
#592=ORIENTED_EDGE('',*,*,#1056,.T.);
#593=ORIENTED_EDGE('',*,*,#1057,.T.);
#594=ORIENTED_EDGE('',*,*,#1058,.T.);
#595=ORIENTED_EDGE('',*,*,#1059,.T.);
#596=ORIENTED_EDGE('',*,*,#1060,.T.);
#597=ORIENTED_EDGE('',*,*,#1061,.T.);
#598=ORIENTED_EDGE('',*,*,#1062,.T.);
#599=ORIENTED_EDGE('',*,*,#1063,.T.);
#600=ORIENTED_EDGE('',*,*,#1023,.T.);
#601=ORIENTED_EDGE('',*,*,#1038,.T.);
#602=ORIENTED_EDGE('',*,*,#1030,.F.);
#603=ORIENTED_EDGE('',*,*,#1028,.F.);
#604=ORIENTED_EDGE('',*,*,#1064,.F.);
#605=ORIENTED_EDGE('',*,*,#1001,.T.);
#606=ORIENTED_EDGE('',*,*,#1065,.F.);
#607=ORIENTED_EDGE('',*,*,#1066,.F.);
#608=ORIENTED_EDGE('',*,*,#1032,.T.);
#609=ORIENTED_EDGE('',*,*,#1000,.T.);
#610=ORIENTED_EDGE('',*,*,#1067,.F.);
#611=ORIENTED_EDGE('',*,*,#1068,.F.);
#612=ORIENTED_EDGE('',*,*,#1065,.T.);
#613=ORIENTED_EDGE('',*,*,#1069,.F.);
#614=ORIENTED_EDGE('',*,*,#999,.F.);
#615=ORIENTED_EDGE('',*,*,#1034,.F.);
#616=ORIENTED_EDGE('',*,*,#1070,.T.);
#617=ORIENTED_EDGE('',*,*,#1067,.T.);
#618=ORIENTED_EDGE('',*,*,#1033,.T.);
#619=ORIENTED_EDGE('',*,*,#1066,.T.);
#620=ORIENTED_EDGE('',*,*,#1068,.T.);
#621=ORIENTED_EDGE('',*,*,#1070,.F.);
#622=ORIENTED_EDGE('',*,*,#1006,.F.);
#623=ORIENTED_EDGE('',*,*,#1071,.F.);
#624=ORIENTED_EDGE('',*,*,#1072,.T.);
#625=ORIENTED_EDGE('',*,*,#1073,.T.);
#626=ORIENTED_EDGE('',*,*,#1074,.F.);
#627=ORIENTED_EDGE('',*,*,#1005,.T.);
#628=ORIENTED_EDGE('',*,*,#1075,.F.);
#629=ORIENTED_EDGE('',*,*,#1076,.F.);
#630=ORIENTED_EDGE('',*,*,#1071,.T.);
#631=ORIENTED_EDGE('',*,*,#1077,.F.);
#632=ORIENTED_EDGE('',*,*,#1007,.F.);
#633=ORIENTED_EDGE('',*,*,#1073,.F.);
#634=ORIENTED_EDGE('',*,*,#1078,.T.);
#635=ORIENTED_EDGE('',*,*,#1079,.T.);
#636=ORIENTED_EDGE('',*,*,#1072,.F.);
#637=ORIENTED_EDGE('',*,*,#1076,.T.);
#638=ORIENTED_EDGE('',*,*,#1080,.F.);
#639=ORIENTED_EDGE('',*,*,#1049,.F.);
#640=ORIENTED_EDGE('',*,*,#1081,.T.);
#641=ORIENTED_EDGE('',*,*,#1082,.F.);
#642=ORIENTED_EDGE('',*,*,#1083,.F.);
#643=ORIENTED_EDGE('',*,*,#1084,.F.);
#644=ORIENTED_EDGE('',*,*,#1085,.F.);
#645=ORIENTED_EDGE('',*,*,#1086,.T.);
#646=ORIENTED_EDGE('',*,*,#1087,.F.);
#647=ORIENTED_EDGE('',*,*,#1078,.F.);
#648=ORIENTED_EDGE('',*,*,#1088,.T.);
#649=ORIENTED_EDGE('',*,*,#997,.T.);
#650=ORIENTED_EDGE('',*,*,#1089,.F.);
#651=ORIENTED_EDGE('',*,*,#1090,.F.);
#652=ORIENTED_EDGE('',*,*,#1035,.T.);
#653=ORIENTED_EDGE('',*,*,#996,.T.);
#654=ORIENTED_EDGE('',*,*,#1091,.F.);
#655=ORIENTED_EDGE('',*,*,#1092,.F.);
#656=ORIENTED_EDGE('',*,*,#1089,.T.);
#657=ORIENTED_EDGE('',*,*,#1093,.F.);
#658=ORIENTED_EDGE('',*,*,#995,.F.);
#659=ORIENTED_EDGE('',*,*,#1037,.F.);
#660=ORIENTED_EDGE('',*,*,#1094,.T.);
#661=ORIENTED_EDGE('',*,*,#1091,.T.);
#662=ORIENTED_EDGE('',*,*,#1036,.T.);
#663=ORIENTED_EDGE('',*,*,#1090,.T.);
#664=ORIENTED_EDGE('',*,*,#1092,.T.);
#665=ORIENTED_EDGE('',*,*,#1094,.F.);
#666=ORIENTED_EDGE('',*,*,#1010,.F.);
#667=ORIENTED_EDGE('',*,*,#1095,.F.);
#668=ORIENTED_EDGE('',*,*,#1085,.T.);
#669=ORIENTED_EDGE('',*,*,#1096,.T.);
#670=ORIENTED_EDGE('',*,*,#1097,.T.);
#671=ORIENTED_EDGE('',*,*,#1009,.T.);
#672=ORIENTED_EDGE('',*,*,#1098,.F.);
#673=ORIENTED_EDGE('',*,*,#1086,.F.);
#674=ORIENTED_EDGE('',*,*,#1095,.T.);
#675=ORIENTED_EDGE('',*,*,#1099,.F.);
#676=ORIENTED_EDGE('',*,*,#1011,.F.);
#677=ORIENTED_EDGE('',*,*,#1096,.F.);
#678=ORIENTED_EDGE('',*,*,#1084,.T.);
#679=ORIENTED_EDGE('',*,*,#1100,.T.);
#680=ORIENTED_EDGE('',*,*,#1079,.F.);
#681=ORIENTED_EDGE('',*,*,#1087,.T.);
#682=ORIENTED_EDGE('',*,*,#1098,.T.);
#683=ORIENTED_EDGE('',*,*,#1008,.F.);
#684=ORIENTED_EDGE('',*,*,#1100,.F.);
#685=ORIENTED_EDGE('',*,*,#1083,.T.);
#686=ORIENTED_EDGE('',*,*,#1101,.T.);
#687=ORIENTED_EDGE('',*,*,#1012,.F.);
#688=ORIENTED_EDGE('',*,*,#1080,.T.);
#689=ORIENTED_EDGE('',*,*,#1075,.T.);
#690=ORIENTED_EDGE('',*,*,#1004,.F.);
#691=ORIENTED_EDGE('',*,*,#1050,.F.);
#692=ORIENTED_EDGE('',*,*,#1048,.T.);
#693=ORIENTED_EDGE('',*,*,#1102,.T.);
#694=ORIENTED_EDGE('',*,*,#1103,.F.);
#695=ORIENTED_EDGE('',*,*,#1081,.F.);
#696=ORIENTED_EDGE('',*,*,#1013,.F.);
#697=ORIENTED_EDGE('',*,*,#1101,.F.);
#698=ORIENTED_EDGE('',*,*,#1082,.T.);
#699=ORIENTED_EDGE('',*,*,#1103,.T.);
#700=ORIENTED_EDGE('',*,*,#1104,.T.);
#701=ORIENTED_EDGE('',*,*,#1105,.F.);
#702=ORIENTED_EDGE('',*,*,#1106,.T.);
#703=ORIENTED_EDGE('',*,*,#1107,.T.);
#704=ORIENTED_EDGE('',*,*,#1108,.F.);
#705=ORIENTED_EDGE('',*,*,#1046,.F.);
#706=ORIENTED_EDGE('',*,*,#1109,.T.);
#707=ORIENTED_EDGE('',*,*,#1105,.T.);
#708=ORIENTED_EDGE('',*,*,#1014,.T.);
#709=ORIENTED_EDGE('',*,*,#1107,.F.);
#710=ORIENTED_EDGE('',*,*,#1110,.F.);
#711=ORIENTED_EDGE('',*,*,#1044,.T.);
#712=ORIENTED_EDGE('',*,*,#1109,.F.);
#713=ORIENTED_EDGE('',*,*,#1045,.F.);
#714=ORIENTED_EDGE('',*,*,#1110,.T.);
#715=ORIENTED_EDGE('',*,*,#1106,.F.);
#716=ORIENTED_EDGE('',*,*,#948,.F.);
#717=ORIENTED_EDGE('',*,*,#1104,.F.);
#718=ORIENTED_EDGE('',*,*,#1102,.F.);
#719=ORIENTED_EDGE('',*,*,#1047,.F.);
#720=ORIENTED_EDGE('',*,*,#1108,.T.);
#721=ORIENTED_EDGE('',*,*,#991,.T.);
#722=ORIENTED_EDGE('',*,*,#1111,.F.);
#723=ORIENTED_EDGE('',*,*,#1112,.T.);
#724=ORIENTED_EDGE('',*,*,#1113,.T.);
#725=ORIENTED_EDGE('',*,*,#1114,.T.);
#726=ORIENTED_EDGE('',*,*,#1115,.F.);
#727=ORIENTED_EDGE('',*,*,#1116,.F.);
#728=ORIENTED_EDGE('',*,*,#1025,.T.);
#729=ORIENTED_EDGE('',*,*,#1117,.F.);
#730=ORIENTED_EDGE('',*,*,#1040,.F.);
#731=ORIENTED_EDGE('',*,*,#1118,.T.);
#732=ORIENTED_EDGE('',*,*,#1115,.T.);
#733=ORIENTED_EDGE('',*,*,#1026,.F.);
#734=ORIENTED_EDGE('',*,*,#1116,.T.);
#735=ORIENTED_EDGE('',*,*,#1118,.F.);
#736=ORIENTED_EDGE('',*,*,#1039,.F.);
#737=ORIENTED_EDGE('',*,*,#1119,.F.);
#738=ORIENTED_EDGE('',*,*,#1120,.T.);
#739=ORIENTED_EDGE('',*,*,#1111,.T.);
#740=ORIENTED_EDGE('',*,*,#990,.F.);
#741=ORIENTED_EDGE('',*,*,#1042,.T.);
#742=ORIENTED_EDGE('',*,*,#1121,.T.);
#743=ORIENTED_EDGE('',*,*,#1113,.F.);
#744=ORIENTED_EDGE('',*,*,#1122,.F.);
#745=ORIENTED_EDGE('',*,*,#1020,.F.);
#746=ORIENTED_EDGE('',*,*,#1043,.F.);
#747=ORIENTED_EDGE('',*,*,#1122,.T.);
#748=ORIENTED_EDGE('',*,*,#1112,.F.);
#749=ORIENTED_EDGE('',*,*,#1120,.F.);
#750=ORIENTED_EDGE('',*,*,#1123,.T.);
#751=ORIENTED_EDGE('',*,*,#1124,.F.);
#752=ORIENTED_EDGE('',*,*,#1125,.F.);
#753=ORIENTED_EDGE('',*,*,#956,.F.);
#754=ORIENTED_EDGE('',*,*,#1126,.T.);
#755=ORIENTED_EDGE('',*,*,#1127,.F.);
#756=ORIENTED_EDGE('',*,*,#1128,.F.);
#757=ORIENTED_EDGE('',*,*,#950,.F.);
#758=ORIENTED_EDGE('',*,*,#1114,.F.);
#759=ORIENTED_EDGE('',*,*,#1121,.F.);
#760=ORIENTED_EDGE('',*,*,#1041,.F.);
#761=ORIENTED_EDGE('',*,*,#1117,.T.);
#762=ORIENTED_EDGE('',*,*,#983,.F.);
#763=ORIENTED_EDGE('',*,*,#1129,.F.);
#764=ORIENTED_EDGE('',*,*,#1130,.T.);
#765=ORIENTED_EDGE('',*,*,#1131,.T.);
#766=ORIENTED_EDGE('',*,*,#1132,.F.);
#767=ORIENTED_EDGE('',*,*,#986,.T.);
#768=ORIENTED_EDGE('',*,*,#1133,.F.);
#769=ORIENTED_EDGE('',*,*,#1134,.F.);
#770=ORIENTED_EDGE('',*,*,#1129,.T.);
#771=ORIENTED_EDGE('',*,*,#985,.T.);
#772=ORIENTED_EDGE('',*,*,#1135,.F.);
#773=ORIENTED_EDGE('',*,*,#1136,.F.);
#774=ORIENTED_EDGE('',*,*,#1133,.T.);
#775=ORIENTED_EDGE('',*,*,#1137,.F.);
#776=ORIENTED_EDGE('',*,*,#984,.F.);
#777=ORIENTED_EDGE('',*,*,#1131,.F.);
#778=ORIENTED_EDGE('',*,*,#1138,.T.);
#779=ORIENTED_EDGE('',*,*,#1135,.T.);
#780=ORIENTED_EDGE('',*,*,#1130,.F.);
#781=ORIENTED_EDGE('',*,*,#1134,.T.);
#782=ORIENTED_EDGE('',*,*,#1136,.T.);
#783=ORIENTED_EDGE('',*,*,#1138,.F.);
#784=ORIENTED_EDGE('',*,*,#1139,.F.);
#785=ORIENTED_EDGE('',*,*,#1017,.F.);
#786=ORIENTED_EDGE('',*,*,#1021,.F.);
#787=ORIENTED_EDGE('',*,*,#1128,.T.);
#788=ORIENTED_EDGE('',*,*,#1140,.T.);
#789=ORIENTED_EDGE('',*,*,#1141,.T.);
#790=ORIENTED_EDGE('',*,*,#1019,.T.);
#791=ORIENTED_EDGE('',*,*,#1142,.F.);
#792=ORIENTED_EDGE('',*,*,#1126,.F.);
#793=ORIENTED_EDGE('',*,*,#959,.T.);
#794=ORIENTED_EDGE('',*,*,#1018,.F.);
#795=ORIENTED_EDGE('',*,*,#1140,.F.);
#796=ORIENTED_EDGE('',*,*,#1127,.T.);
#797=ORIENTED_EDGE('',*,*,#1142,.T.);
#798=ORIENTED_EDGE('',*,*,#1143,.F.);
#799=ORIENTED_EDGE('',*,*,#987,.F.);
#800=ORIENTED_EDGE('',*,*,#957,.F.);
#801=ORIENTED_EDGE('',*,*,#1125,.T.);
#802=ORIENTED_EDGE('',*,*,#1144,.T.);
#803=ORIENTED_EDGE('',*,*,#1145,.T.);
#804=ORIENTED_EDGE('',*,*,#989,.T.);
#805=ORIENTED_EDGE('',*,*,#1146,.F.);
#806=ORIENTED_EDGE('',*,*,#1123,.F.);
#807=ORIENTED_EDGE('',*,*,#1119,.T.);
#808=ORIENTED_EDGE('',*,*,#988,.F.);
#809=ORIENTED_EDGE('',*,*,#1144,.F.);
#810=ORIENTED_EDGE('',*,*,#1124,.T.);
#811=ORIENTED_EDGE('',*,*,#1146,.T.);
#812=ORIENTED_EDGE('',*,*,#1147,.F.);
#813=ORIENTED_EDGE('',*,*,#979,.F.);
#814=ORIENTED_EDGE('',*,*,#1148,.F.);
#815=ORIENTED_EDGE('',*,*,#1149,.T.);
#816=ORIENTED_EDGE('',*,*,#1150,.T.);
#817=ORIENTED_EDGE('',*,*,#982,.T.);
#818=ORIENTED_EDGE('',*,*,#1151,.F.);
#819=ORIENTED_EDGE('',*,*,#1152,.F.);
#820=ORIENTED_EDGE('',*,*,#1148,.T.);
#821=ORIENTED_EDGE('',*,*,#1153,.T.);
#822=ORIENTED_EDGE('',*,*,#981,.T.);
#823=ORIENTED_EDGE('',*,*,#1154,.F.);
#824=ORIENTED_EDGE('',*,*,#1155,.F.);
#825=ORIENTED_EDGE('',*,*,#1151,.T.);
#826=ORIENTED_EDGE('',*,*,#980,.F.);
#827=ORIENTED_EDGE('',*,*,#1150,.F.);
#828=ORIENTED_EDGE('',*,*,#1156,.T.);
#829=ORIENTED_EDGE('',*,*,#1154,.T.);
#830=ORIENTED_EDGE('',*,*,#1149,.F.);
#831=ORIENTED_EDGE('',*,*,#1152,.T.);
#832=ORIENTED_EDGE('',*,*,#1155,.T.);
#833=ORIENTED_EDGE('',*,*,#1156,.F.);
#834=ORIENTED_EDGE('',*,*,#1093,.T.);
#835=ORIENTED_EDGE('',*,*,#1088,.F.);
#836=ORIENTED_EDGE('',*,*,#1069,.T.);
#837=ORIENTED_EDGE('',*,*,#1064,.T.);
#838=ORIENTED_EDGE('',*,*,#1099,.T.);
#839=ORIENTED_EDGE('',*,*,#1097,.F.);
#840=ORIENTED_EDGE('',*,*,#1077,.T.);
#841=ORIENTED_EDGE('',*,*,#1074,.T.);
#842=ORIENTED_EDGE('',*,*,#1147,.T.);
#843=ORIENTED_EDGE('',*,*,#1153,.F.);
#844=ORIENTED_EDGE('',*,*,#1137,.T.);
#845=ORIENTED_EDGE('',*,*,#1132,.T.);
#846=ORIENTED_EDGE('',*,*,#1143,.T.);
#847=ORIENTED_EDGE('',*,*,#1145,.F.);
#848=ORIENTED_EDGE('',*,*,#1139,.T.);
#849=ORIENTED_EDGE('',*,*,#1141,.F.);
#850=ORIENTED_EDGE('',*,*,#971,.F.);
#851=ORIENTED_EDGE('',*,*,#1157,.F.);
#852=ORIENTED_EDGE('',*,*,#1158,.T.);
#853=ORIENTED_EDGE('',*,*,#1159,.T.);
#854=ORIENTED_EDGE('',*,*,#978,.F.);
#855=ORIENTED_EDGE('',*,*,#1160,.F.);
#856=ORIENTED_EDGE('',*,*,#1161,.T.);
#857=ORIENTED_EDGE('',*,*,#1162,.F.);
#858=ORIENTED_EDGE('',*,*,#1163,.F.);
#859=ORIENTED_EDGE('',*,*,#1157,.T.);
#860=ORIENTED_EDGE('',*,*,#977,.T.);
#861=ORIENTED_EDGE('',*,*,#1164,.F.);
#862=ORIENTED_EDGE('',*,*,#1165,.F.);
#863=ORIENTED_EDGE('',*,*,#1160,.T.);
#864=ORIENTED_EDGE('',*,*,#976,.T.);
#865=ORIENTED_EDGE('',*,*,#1166,.F.);
#866=ORIENTED_EDGE('',*,*,#1167,.F.);
#867=ORIENTED_EDGE('',*,*,#953,.F.);
#868=ORIENTED_EDGE('',*,*,#1168,.F.);
#869=ORIENTED_EDGE('',*,*,#1164,.T.);
#870=ORIENTED_EDGE('',*,*,#975,.F.);
#871=ORIENTED_EDGE('',*,*,#1169,.F.);
#872=ORIENTED_EDGE('',*,*,#1170,.T.);
#873=ORIENTED_EDGE('',*,*,#1166,.T.);
#874=ORIENTED_EDGE('',*,*,#974,.T.);
#875=ORIENTED_EDGE('',*,*,#1171,.F.);
#876=ORIENTED_EDGE('',*,*,#1172,.T.);
#877=ORIENTED_EDGE('',*,*,#1173,.T.);
#878=ORIENTED_EDGE('',*,*,#1174,.F.);
#879=ORIENTED_EDGE('',*,*,#1169,.T.);
#880=ORIENTED_EDGE('',*,*,#973,.T.);
#881=ORIENTED_EDGE('',*,*,#1175,.F.);
#882=ORIENTED_EDGE('',*,*,#1176,.F.);
#883=ORIENTED_EDGE('',*,*,#1171,.T.);
#884=ORIENTED_EDGE('',*,*,#972,.F.);
#885=ORIENTED_EDGE('',*,*,#1159,.F.);
#886=ORIENTED_EDGE('',*,*,#1177,.T.);
#887=ORIENTED_EDGE('',*,*,#1178,.T.);
#888=ORIENTED_EDGE('',*,*,#955,.T.);
#889=ORIENTED_EDGE('',*,*,#1179,.F.);
#890=ORIENTED_EDGE('',*,*,#1180,.T.);
#891=ORIENTED_EDGE('',*,*,#1175,.T.);
#892=ORIENTED_EDGE('',*,*,#1063,.F.);
#893=ORIENTED_EDGE('',*,*,#970,.T.);
#894=ORIENTED_EDGE('',*,*,#1062,.F.);
#895=ORIENTED_EDGE('',*,*,#969,.T.);
#896=ORIENTED_EDGE('',*,*,#1061,.F.);
#897=ORIENTED_EDGE('',*,*,#968,.T.);
#898=ORIENTED_EDGE('',*,*,#1060,.F.);
#899=ORIENTED_EDGE('',*,*,#967,.T.);
#900=ORIENTED_EDGE('',*,*,#1059,.F.);
#901=ORIENTED_EDGE('',*,*,#966,.T.);
#902=ORIENTED_EDGE('',*,*,#1058,.F.);
#903=ORIENTED_EDGE('',*,*,#965,.T.);
#904=ORIENTED_EDGE('',*,*,#1057,.F.);
#905=ORIENTED_EDGE('',*,*,#964,.T.);
#906=ORIENTED_EDGE('',*,*,#1056,.F.);
#907=ORIENTED_EDGE('',*,*,#963,.T.);
#908=ORIENTED_EDGE('',*,*,#1055,.F.);
#909=ORIENTED_EDGE('',*,*,#962,.T.);
#910=ORIENTED_EDGE('',*,*,#1054,.F.);
#911=ORIENTED_EDGE('',*,*,#961,.T.);
#912=ORIENTED_EDGE('',*,*,#1181,.T.);
#913=ORIENTED_EDGE('',*,*,#1167,.T.);
#914=ORIENTED_EDGE('',*,*,#1170,.F.);
#915=ORIENTED_EDGE('',*,*,#1174,.T.);
#916=ORIENTED_EDGE('',*,*,#1181,.F.);
#917=ORIENTED_EDGE('',*,*,#1173,.F.);
#918=ORIENTED_EDGE('',*,*,#1182,.T.);
#919=ORIENTED_EDGE('',*,*,#1179,.T.);
#920=ORIENTED_EDGE('',*,*,#954,.F.);
#921=ORIENTED_EDGE('',*,*,#1182,.F.);
#922=ORIENTED_EDGE('',*,*,#1172,.F.);
#923=ORIENTED_EDGE('',*,*,#1176,.T.);
#924=ORIENTED_EDGE('',*,*,#1180,.F.);
#925=ORIENTED_EDGE('',*,*,#1165,.T.);
#926=ORIENTED_EDGE('',*,*,#1168,.T.);
#927=ORIENTED_EDGE('',*,*,#1183,.F.);
#928=ORIENTED_EDGE('',*,*,#1161,.F.);
#929=ORIENTED_EDGE('',*,*,#1183,.T.);
#930=ORIENTED_EDGE('',*,*,#952,.T.);
#931=ORIENTED_EDGE('',*,*,#1178,.F.);
#932=ORIENTED_EDGE('',*,*,#1184,.F.);
#933=ORIENTED_EDGE('',*,*,#1162,.T.);
#934=ORIENTED_EDGE('',*,*,#1184,.T.);
#935=ORIENTED_EDGE('',*,*,#1177,.F.);
#936=ORIENTED_EDGE('',*,*,#1158,.F.);
#937=ORIENTED_EDGE('',*,*,#1163,.T.);
#938=ORIENTED_EDGE('',*,*,#1053,.F.);
#939=ORIENTED_EDGE('',*,*,#960,.T.);
#940=ORIENTED_EDGE('',*,*,#1185,.T.);
#941=ORIENTED_EDGE('',*,*,#951,.T.);
#942=ORIENTED_EDGE('',*,*,#1185,.F.);
#943=ORIENTED_EDGE('',*,*,#1052,.T.);
#944=ORIENTED_EDGE('',*,*,#1186,.T.);
#945=ORIENTED_EDGE('',*,*,#949,.T.);
#946=ORIENTED_EDGE('',*,*,#1186,.F.);
#947=ORIENTED_EDGE('',*,*,#1051,.T.);
#948=EDGE_CURVE('',#1187,#1187,#1361,.T.);
#949=EDGE_CURVE('',#1188,#1188,#1362,.F.);
#950=EDGE_CURVE('',#1189,#1189,#1363,.T.);
#951=EDGE_CURVE('',#1190,#1190,#1364,.F.);
#952=EDGE_CURVE('',#1191,#1192,#12,.T.);
#953=EDGE_CURVE('',#1191,#1193,#13,.T.);
#954=EDGE_CURVE('',#1193,#1194,#14,.T.);
#955=EDGE_CURVE('',#1192,#1194,#15,.T.);
#956=EDGE_CURVE('',#1195,#1196,#16,.T.);
#957=EDGE_CURVE('',#1196,#1197,#17,.T.);
#958=EDGE_CURVE('',#1198,#1197,#18,.T.);
#959=EDGE_CURVE('',#1195,#1198,#19,.T.);
#960=EDGE_CURVE('',#1199,#1199,#1365,.T.);
#961=EDGE_CURVE('',#1200,#1200,#1366,.T.);
#962=EDGE_CURVE('',#1201,#1201,#1367,.T.);
#963=EDGE_CURVE('',#1202,#1202,#1368,.T.);
#964=EDGE_CURVE('',#1203,#1203,#1369,.T.);
#965=EDGE_CURVE('',#1204,#1204,#1370,.T.);
#966=EDGE_CURVE('',#1205,#1205,#1371,.T.);
#967=EDGE_CURVE('',#1206,#1206,#1372,.T.);
#968=EDGE_CURVE('',#1207,#1207,#1373,.T.);
#969=EDGE_CURVE('',#1208,#1208,#1374,.T.);
#970=EDGE_CURVE('',#1209,#1209,#1375,.T.);
#971=EDGE_CURVE('',#1210,#1211,#20,.T.);
#972=EDGE_CURVE('',#1211,#1212,#21,.T.);
#973=EDGE_CURVE('',#1213,#1212,#22,.T.);
#974=EDGE_CURVE('',#1214,#1213,#23,.T.);
#975=EDGE_CURVE('',#1214,#1215,#24,.T.);
#976=EDGE_CURVE('',#1216,#1215,#25,.T.);
#977=EDGE_CURVE('',#1217,#1216,#26,.T.);
#978=EDGE_CURVE('',#1217,#1210,#27,.T.);
#979=EDGE_CURVE('',#1218,#1219,#28,.T.);
#980=EDGE_CURVE('',#1219,#1220,#29,.T.);
#981=EDGE_CURVE('',#1221,#1220,#30,.T.);
#982=EDGE_CURVE('',#1218,#1221,#31,.T.);
#983=EDGE_CURVE('',#1222,#1223,#32,.T.);
#984=EDGE_CURVE('',#1223,#1224,#33,.T.);
#985=EDGE_CURVE('',#1225,#1224,#34,.T.);
#986=EDGE_CURVE('',#1222,#1225,#35,.T.);
#987=EDGE_CURVE('',#1197,#1226,#36,.T.);
#988=EDGE_CURVE('',#1226,#1227,#37,.T.);
#989=EDGE_CURVE('',#1228,#1227,#38,.T.);
#990=EDGE_CURVE('',#1228,#1229,#39,.T.);
#991=EDGE_CURVE('',#1230,#1229,#40,.T.);
#992=EDGE_CURVE('',#1231,#1230,#41,.T.);
#993=EDGE_CURVE('',#1231,#1232,#42,.T.);
#994=EDGE_CURVE('',#1232,#1233,#43,.T.);
#995=EDGE_CURVE('',#1233,#1234,#44,.T.);
#996=EDGE_CURVE('',#1235,#1234,#45,.T.);
#997=EDGE_CURVE('',#1236,#1235,#46,.T.);
#998=EDGE_CURVE('',#1236,#1237,#47,.T.);
#999=EDGE_CURVE('',#1237,#1238,#48,.T.);
#1000=EDGE_CURVE('',#1239,#1238,#49,.T.);
#1001=EDGE_CURVE('',#1240,#1239,#50,.T.);
#1002=EDGE_CURVE('',#1240,#1241,#51,.T.);
#1003=EDGE_CURVE('',#1242,#1241,#52,.T.);
#1004=EDGE_CURVE('',#1242,#1243,#53,.T.);
#1005=EDGE_CURVE('',#1244,#1243,#54,.T.);
#1006=EDGE_CURVE('',#1244,#1245,#55,.T.);
#1007=EDGE_CURVE('',#1245,#1246,#56,.T.);
#1008=EDGE_CURVE('',#1246,#1247,#57,.T.);
#1009=EDGE_CURVE('',#1248,#1247,#58,.T.);
#1010=EDGE_CURVE('',#1248,#1249,#59,.T.);
#1011=EDGE_CURVE('',#1249,#1250,#60,.T.);
#1012=EDGE_CURVE('',#1250,#1251,#61,.T.);
#1013=EDGE_CURVE('',#1251,#1252,#62,.T.);
#1014=EDGE_CURVE('',#1253,#1252,#63,.T.);
#1015=EDGE_CURVE('',#1254,#1253,#64,.T.);
#1016=EDGE_CURVE('',#1254,#1255,#65,.T.);
#1017=EDGE_CURVE('',#1255,#1256,#66,.T.);
#1018=EDGE_CURVE('',#1256,#1257,#67,.T.);
#1019=EDGE_CURVE('',#1198,#1257,#68,.T.);
#1020=EDGE_CURVE('',#1258,#1259,#69,.T.);
#1021=EDGE_CURVE('',#1259,#1255,#70,.T.);
#1022=EDGE_CURVE('',#1258,#1254,#71,.T.);
#1023=EDGE_CURVE('',#1260,#1261,#72,.T.);
#1024=EDGE_CURVE('',#1231,#1260,#73,.T.);
#1025=EDGE_CURVE('',#1262,#1230,#74,.T.);
#1026=EDGE_CURVE('',#1262,#1263,#75,.T.);
#1027=EDGE_CURVE('',#1263,#1261,#76,.T.);
#1028=EDGE_CURVE('',#1260,#1264,#77,.T.);
#1029=EDGE_CURVE('',#1232,#1264,#78,.T.);
#1030=EDGE_CURVE('',#1264,#1265,#79,.T.);
#1031=EDGE_CURVE('',#1241,#1265,#80,.T.);
#1032=EDGE_CURVE('',#1266,#1240,#81,.T.);
#1033=EDGE_CURVE('',#1267,#1266,#82,.T.);
#1034=EDGE_CURVE('',#1267,#1237,#83,.T.);
#1035=EDGE_CURVE('',#1268,#1236,#84,.T.);
#1036=EDGE_CURVE('',#1269,#1268,#85,.T.);
#1037=EDGE_CURVE('',#1269,#1233,#86,.T.);
#1038=EDGE_CURVE('',#1261,#1265,#87,.T.);
#1039=EDGE_CURVE('',#1263,#1270,#88,.T.);
#1040=EDGE_CURVE('',#1270,#1271,#89,.T.);
#1041=EDGE_CURVE('',#1271,#1272,#90,.T.);
#1042=EDGE_CURVE('',#1273,#1272,#91,.T.);
#1043=EDGE_CURVE('',#1273,#1258,#92,.T.);
#1044=EDGE_CURVE('',#1274,#1253,#93,.T.);
#1045=EDGE_CURVE('',#1274,#1275,#94,.T.);
#1046=EDGE_CURVE('',#1275,#1276,#95,.T.);
#1047=EDGE_CURVE('',#1276,#1277,#96,.T.);
#1048=EDGE_CURVE('',#1278,#1277,#97,.T.);
#1049=EDGE_CURVE('',#1278,#1279,#98,.T.);
#1050=EDGE_CURVE('',#1279,#1242,#99,.T.);
#1051=EDGE_CURVE('',#1280,#1280,#1376,.T.);
#1052=EDGE_CURVE('',#1281,#1281,#1377,.T.);
#1053=EDGE_CURVE('',#1282,#1282,#1378,.T.);
#1054=EDGE_CURVE('',#1283,#1283,#1379,.T.);
#1055=EDGE_CURVE('',#1284,#1284,#1380,.T.);
#1056=EDGE_CURVE('',#1285,#1285,#1381,.T.);
#1057=EDGE_CURVE('',#1286,#1286,#1382,.T.);
#1058=EDGE_CURVE('',#1287,#1287,#1383,.T.);
#1059=EDGE_CURVE('',#1288,#1288,#1384,.T.);
#1060=EDGE_CURVE('',#1289,#1289,#1385,.T.);
#1061=EDGE_CURVE('',#1290,#1290,#1386,.T.);
#1062=EDGE_CURVE('',#1291,#1291,#1387,.T.);
#1063=EDGE_CURVE('',#1292,#1292,#1388,.T.);
#1064=EDGE_CURVE('',#1293,#1293,#1389,.T.);
#1065=EDGE_CURVE('',#1294,#1239,#100,.T.);
#1066=EDGE_CURVE('',#1266,#1294,#101,.T.);
#1067=EDGE_CURVE('',#1295,#1238,#102,.T.);
#1068=EDGE_CURVE('',#1294,#1295,#103,.T.);
#1069=EDGE_CURVE('',#1296,#1296,#1390,.T.);
#1070=EDGE_CURVE('',#1267,#1295,#104,.T.);
#1071=EDGE_CURVE('',#1297,#1244,#105,.T.);
#1072=EDGE_CURVE('',#1297,#1298,#106,.T.);
#1073=EDGE_CURVE('',#1298,#1245,#107,.T.);
#1074=EDGE_CURVE('',#1299,#1299,#1391,.T.);
#1075=EDGE_CURVE('',#1300,#1243,#108,.T.);
#1076=EDGE_CURVE('',#1297,#1300,#109,.T.);
#1077=EDGE_CURVE('',#1301,#1301,#1392,.T.);
#1078=EDGE_CURVE('',#1298,#1302,#110,.T.);
#1079=EDGE_CURVE('',#1302,#1246,#111,.T.);
#1080=EDGE_CURVE('',#1279,#1300,#112,.T.);
#1081=EDGE_CURVE('',#1278,#1303,#113,.T.);
#1082=EDGE_CURVE('',#1304,#1303,#114,.T.);
#1083=EDGE_CURVE('',#1305,#1304,#115,.T.);
#1084=EDGE_CURVE('',#1306,#1305,#116,.T.);
#1085=EDGE_CURVE('',#1307,#1306,#117,.T.);
#1086=EDGE_CURVE('',#1307,#1308,#118,.T.);
#1087=EDGE_CURVE('',#1302,#1308,#119,.T.);
#1088=EDGE_CURVE('',#1309,#1309,#1393,.T.);
#1089=EDGE_CURVE('',#1310,#1235,#120,.T.);
#1090=EDGE_CURVE('',#1268,#1310,#121,.T.);
#1091=EDGE_CURVE('',#1311,#1234,#122,.T.);
#1092=EDGE_CURVE('',#1310,#1311,#123,.T.);
#1093=EDGE_CURVE('',#1312,#1312,#1394,.T.);
#1094=EDGE_CURVE('',#1269,#1311,#124,.T.);
#1095=EDGE_CURVE('',#1307,#1248,#125,.T.);
#1096=EDGE_CURVE('',#1306,#1249,#126,.T.);
#1097=EDGE_CURVE('',#1313,#1313,#1395,.T.);
#1098=EDGE_CURVE('',#1308,#1247,#127,.T.);
#1099=EDGE_CURVE('',#1314,#1314,#1396,.T.);
#1100=EDGE_CURVE('',#1305,#1250,#128,.T.);
#1101=EDGE_CURVE('',#1304,#1251,#129,.T.);
#1102=EDGE_CURVE('',#1277,#1315,#130,.T.);
#1103=EDGE_CURVE('',#1303,#1315,#131,.T.);
#1104=EDGE_CURVE('',#1315,#1316,#132,.T.);
#1105=EDGE_CURVE('',#1317,#1316,#133,.T.);
#1106=EDGE_CURVE('',#1317,#1318,#134,.T.);
#1107=EDGE_CURVE('',#1318,#1252,#135,.T.);
#1108=EDGE_CURVE('',#1276,#1316,#136,.T.);
#1109=EDGE_CURVE('',#1275,#1317,#137,.T.);
#1110=EDGE_CURVE('',#1274,#1318,#138,.T.);
#1111=EDGE_CURVE('',#1319,#1229,#139,.T.);
#1112=EDGE_CURVE('',#1319,#1320,#140,.T.);
#1113=EDGE_CURVE('',#1320,#1321,#141,.T.);
#1114=EDGE_CURVE('',#1321,#1322,#142,.T.);
#1115=EDGE_CURVE('',#1323,#1322,#143,.T.);
#1116=EDGE_CURVE('',#1262,#1323,#144,.T.);
#1117=EDGE_CURVE('',#1271,#1322,#145,.T.);
#1118=EDGE_CURVE('',#1270,#1323,#146,.T.);
#1119=EDGE_CURVE('',#1324,#1228,#147,.T.);
#1120=EDGE_CURVE('',#1324,#1319,#148,.T.);
#1121=EDGE_CURVE('',#1272,#1321,#149,.T.);
#1122=EDGE_CURVE('',#1273,#1320,#150,.T.);
#1123=EDGE_CURVE('',#1324,#1325,#151,.T.);
#1124=EDGE_CURVE('',#1326,#1325,#152,.T.);
#1125=EDGE_CURVE('',#1196,#1326,#153,.T.);
#1126=EDGE_CURVE('',#1195,#1327,#154,.T.);
#1127=EDGE_CURVE('',#1328,#1327,#155,.T.);
#1128=EDGE_CURVE('',#1259,#1328,#156,.T.);
#1129=EDGE_CURVE('',#1329,#1222,#157,.T.);
#1130=EDGE_CURVE('',#1329,#1330,#158,.T.);
#1131=EDGE_CURVE('',#1330,#1223,#159,.T.);
#1132=EDGE_CURVE('',#1331,#1331,#1397,.T.);
#1133=EDGE_CURVE('',#1332,#1225,#160,.T.);
#1134=EDGE_CURVE('',#1329,#1332,#161,.T.);
#1135=EDGE_CURVE('',#1333,#1224,#162,.T.);
#1136=EDGE_CURVE('',#1332,#1333,#163,.T.);
#1137=EDGE_CURVE('',#1334,#1334,#1398,.T.);
#1138=EDGE_CURVE('',#1330,#1333,#164,.T.);
#1139=EDGE_CURVE('',#1335,#1335,#1399,.T.);
#1140=EDGE_CURVE('',#1328,#1256,#165,.T.);
#1141=EDGE_CURVE('',#1336,#1336,#1400,.T.);
#1142=EDGE_CURVE('',#1327,#1257,#166,.T.);
#1143=EDGE_CURVE('',#1337,#1337,#1401,.T.);
#1144=EDGE_CURVE('',#1326,#1226,#167,.T.);
#1145=EDGE_CURVE('',#1338,#1338,#1402,.T.);
#1146=EDGE_CURVE('',#1325,#1227,#168,.T.);
#1147=EDGE_CURVE('',#1339,#1339,#1403,.T.);
#1148=EDGE_CURVE('',#1340,#1218,#169,.T.);
#1149=EDGE_CURVE('',#1340,#1341,#170,.T.);
#1150=EDGE_CURVE('',#1341,#1219,#171,.T.);
#1151=EDGE_CURVE('',#1342,#1221,#172,.T.);
#1152=EDGE_CURVE('',#1340,#1342,#173,.T.);
#1153=EDGE_CURVE('',#1343,#1343,#1404,.T.);
#1154=EDGE_CURVE('',#1344,#1220,#174,.T.);
#1155=EDGE_CURVE('',#1342,#1344,#175,.T.);
#1156=EDGE_CURVE('',#1341,#1344,#176,.T.);
#1157=EDGE_CURVE('',#1345,#1210,#177,.T.);
#1158=EDGE_CURVE('',#1345,#1346,#178,.T.);
#1159=EDGE_CURVE('',#1346,#1211,#179,.T.);
#1160=EDGE_CURVE('',#1347,#1217,#180,.T.);
#1161=EDGE_CURVE('',#1347,#1348,#181,.T.);
#1162=EDGE_CURVE('',#1349,#1348,#182,.T.);
#1163=EDGE_CURVE('',#1345,#1349,#183,.T.);
#1164=EDGE_CURVE('',#1350,#1216,#184,.T.);
#1165=EDGE_CURVE('',#1347,#1350,#185,.T.);
#1166=EDGE_CURVE('',#1351,#1215,#186,.T.);
#1167=EDGE_CURVE('',#1193,#1351,#187,.T.);
#1168=EDGE_CURVE('',#1350,#1191,#188,.T.);
#1169=EDGE_CURVE('',#1352,#1214,#189,.T.);
#1170=EDGE_CURVE('',#1352,#1351,#190,.T.);
#1171=EDGE_CURVE('',#1353,#1213,#191,.T.);
#1172=EDGE_CURVE('',#1353,#1354,#192,.T.);
#1173=EDGE_CURVE('',#1354,#1355,#193,.T.);
#1174=EDGE_CURVE('',#1352,#1355,#194,.T.);
#1175=EDGE_CURVE('',#1356,#1212,#195,.T.);
#1176=EDGE_CURVE('',#1353,#1356,#196,.T.);
#1177=EDGE_CURVE('',#1346,#1357,#197,.T.);
#1178=EDGE_CURVE('',#1357,#1192,#198,.T.);
#1179=EDGE_CURVE('',#1358,#1194,#199,.T.);
#1180=EDGE_CURVE('',#1358,#1356,#200,.T.);
#1181=EDGE_CURVE('',#1355,#1193,#201,.T.);
#1182=EDGE_CURVE('',#1354,#1358,#202,.T.);
#1183=EDGE_CURVE('',#1348,#1191,#203,.T.);
#1184=EDGE_CURVE('',#1349,#1357,#204,.T.);
#1185=EDGE_CURVE('',#1359,#1359,#1405,.T.);
#1186=EDGE_CURVE('',#1360,#1360,#1406,.T.);
#1187=VERTEX_POINT('',#2489);
#1188=VERTEX_POINT('',#2491);
#1189=VERTEX_POINT('',#2494);
#1190=VERTEX_POINT('',#2496);
#1191=VERTEX_POINT('',#2499);
#1192=VERTEX_POINT('',#2500);
#1193=VERTEX_POINT('',#2502);
#1194=VERTEX_POINT('',#2504);
#1195=VERTEX_POINT('',#2508);
#1196=VERTEX_POINT('',#2509);
#1197=VERTEX_POINT('',#2511);
#1198=VERTEX_POINT('',#2513);
#1199=VERTEX_POINT('',#2517);
#1200=VERTEX_POINT('',#2519);
#1201=VERTEX_POINT('',#2521);
#1202=VERTEX_POINT('',#2523);
#1203=VERTEX_POINT('',#2525);
#1204=VERTEX_POINT('',#2527);
#1205=VERTEX_POINT('',#2529);
#1206=VERTEX_POINT('',#2531);
#1207=VERTEX_POINT('',#2533);
#1208=VERTEX_POINT('',#2535);
#1209=VERTEX_POINT('',#2537);
#1210=VERTEX_POINT('',#2539);
#1211=VERTEX_POINT('',#2540);
#1212=VERTEX_POINT('',#2542);
#1213=VERTEX_POINT('',#2544);
#1214=VERTEX_POINT('',#2546);
#1215=VERTEX_POINT('',#2548);
#1216=VERTEX_POINT('',#2550);
#1217=VERTEX_POINT('',#2552);
#1218=VERTEX_POINT('',#2555);
#1219=VERTEX_POINT('',#2556);
#1220=VERTEX_POINT('',#2558);
#1221=VERTEX_POINT('',#2560);
#1222=VERTEX_POINT('',#2563);
#1223=VERTEX_POINT('',#2564);
#1224=VERTEX_POINT('',#2566);
#1225=VERTEX_POINT('',#2568);
#1226=VERTEX_POINT('',#2571);
#1227=VERTEX_POINT('',#2573);
#1228=VERTEX_POINT('',#2575);
#1229=VERTEX_POINT('',#2577);
#1230=VERTEX_POINT('',#2579);
#1231=VERTEX_POINT('',#2581);
#1232=VERTEX_POINT('',#2583);
#1233=VERTEX_POINT('',#2585);
#1234=VERTEX_POINT('',#2587);
#1235=VERTEX_POINT('',#2589);
#1236=VERTEX_POINT('',#2591);
#1237=VERTEX_POINT('',#2593);
#1238=VERTEX_POINT('',#2595);
#1239=VERTEX_POINT('',#2597);
#1240=VERTEX_POINT('',#2599);
#1241=VERTEX_POINT('',#2601);
#1242=VERTEX_POINT('',#2603);
#1243=VERTEX_POINT('',#2605);
#1244=VERTEX_POINT('',#2607);
#1245=VERTEX_POINT('',#2609);
#1246=VERTEX_POINT('',#2611);
#1247=VERTEX_POINT('',#2613);
#1248=VERTEX_POINT('',#2615);
#1249=VERTEX_POINT('',#2617);
#1250=VERTEX_POINT('',#2619);
#1251=VERTEX_POINT('',#2621);
#1252=VERTEX_POINT('',#2623);
#1253=VERTEX_POINT('',#2625);
#1254=VERTEX_POINT('',#2627);
#1255=VERTEX_POINT('',#2629);
#1256=VERTEX_POINT('',#2631);
#1257=VERTEX_POINT('',#2633);
#1258=VERTEX_POINT('',#2637);
#1259=VERTEX_POINT('',#2638);
#1260=VERTEX_POINT('',#2643);
#1261=VERTEX_POINT('',#2644);
#1262=VERTEX_POINT('',#2647);
#1263=VERTEX_POINT('',#2649);
#1264=VERTEX_POINT('',#2653);
#1265=VERTEX_POINT('',#2657);
#1266=VERTEX_POINT('',#2660);
#1267=VERTEX_POINT('',#2662);
#1268=VERTEX_POINT('',#2665);
#1269=VERTEX_POINT('',#2667);
#1270=VERTEX_POINT('',#2672);
#1271=VERTEX_POINT('',#2674);
#1272=VERTEX_POINT('',#2676);
#1273=VERTEX_POINT('',#2678);
#1274=VERTEX_POINT('',#2681);
#1275=VERTEX_POINT('',#2683);
#1276=VERTEX_POINT('',#2685);
#1277=VERTEX_POINT('',#2687);
#1278=VERTEX_POINT('',#2689);
#1279=VERTEX_POINT('',#2691);
#1280=VERTEX_POINT('',#2695);
#1281=VERTEX_POINT('',#2697);
#1282=VERTEX_POINT('',#2699);
#1283=VERTEX_POINT('',#2701);
#1284=VERTEX_POINT('',#2703);
#1285=VERTEX_POINT('',#2705);
#1286=VERTEX_POINT('',#2707);
#1287=VERTEX_POINT('',#2709);
#1288=VERTEX_POINT('',#2711);
#1289=VERTEX_POINT('',#2713);
#1290=VERTEX_POINT('',#2715);
#1291=VERTEX_POINT('',#2717);
#1292=VERTEX_POINT('',#2719);
#1293=VERTEX_POINT('',#2722);
#1294=VERTEX_POINT('',#2724);
#1295=VERTEX_POINT('',#2728);
#1296=VERTEX_POINT('',#2732);
#1297=VERTEX_POINT('',#2737);
#1298=VERTEX_POINT('',#2739);
#1299=VERTEX_POINT('',#2743);
#1300=VERTEX_POINT('',#2745);
#1301=VERTEX_POINT('',#2749);
#1302=VERTEX_POINT('',#2751);
#1303=VERTEX_POINT('',#2756);
#1304=VERTEX_POINT('',#2758);
#1305=VERTEX_POINT('',#2760);
#1306=VERTEX_POINT('',#2762);
#1307=VERTEX_POINT('',#2764);
#1308=VERTEX_POINT('',#2766);
#1309=VERTEX_POINT('',#2770);
#1310=VERTEX_POINT('',#2772);
#1311=VERTEX_POINT('',#2776);
#1312=VERTEX_POINT('',#2780);
#1313=VERTEX_POINT('',#2788);
#1314=VERTEX_POINT('',#2792);
#1315=VERTEX_POINT('',#2800);
#1316=VERTEX_POINT('',#2804);
#1317=VERTEX_POINT('',#2806);
#1318=VERTEX_POINT('',#2808);
#1319=VERTEX_POINT('',#2819);
#1320=VERTEX_POINT('',#2821);
#1321=VERTEX_POINT('',#2823);
#1322=VERTEX_POINT('',#2825);
#1323=VERTEX_POINT('',#2827);
#1324=VERTEX_POINT('',#2835);
#1325=VERTEX_POINT('',#2842);
#1326=VERTEX_POINT('',#2844);
#1327=VERTEX_POINT('',#2847);
#1328=VERTEX_POINT('',#2849);
#1329=VERTEX_POINT('',#2854);
#1330=VERTEX_POINT('',#2856);
#1331=VERTEX_POINT('',#2860);
#1332=VERTEX_POINT('',#2862);
#1333=VERTEX_POINT('',#2866);
#1334=VERTEX_POINT('',#2870);
#1335=VERTEX_POINT('',#2875);
#1336=VERTEX_POINT('',#2879);
#1337=VERTEX_POINT('',#2884);
#1338=VERTEX_POINT('',#2888);
#1339=VERTEX_POINT('',#2893);
#1340=VERTEX_POINT('',#2895);
#1341=VERTEX_POINT('',#2897);
#1342=VERTEX_POINT('',#2901);
#1343=VERTEX_POINT('',#2905);
#1344=VERTEX_POINT('',#2907);
#1345=VERTEX_POINT('',#2922);
#1346=VERTEX_POINT('',#2924);
#1347=VERTEX_POINT('',#2928);
#1348=VERTEX_POINT('',#2930);
#1349=VERTEX_POINT('',#2932);
#1350=VERTEX_POINT('',#2936);
#1351=VERTEX_POINT('',#2940);
#1352=VERTEX_POINT('',#2945);
#1353=VERTEX_POINT('',#2949);
#1354=VERTEX_POINT('',#2951);
#1355=VERTEX_POINT('',#2953);
#1356=VERTEX_POINT('',#2957);
#1357=VERTEX_POINT('',#2961);
#1358=VERTEX_POINT('',#2964);
#1359=VERTEX_POINT('',#2989);
#1360=VERTEX_POINT('',#2993);
#1361=CIRCLE('',#1869,0.003);
#1362=CIRCLE('',#1870,0.003);
#1363=CIRCLE('',#1872,0.003);
#1364=CIRCLE('',#1873,0.003);
#1365=CIRCLE('',#1877,0.002);
#1366=CIRCLE('',#1878,0.003);
#1367=CIRCLE('',#1879,0.003);
#1368=CIRCLE('',#1880,0.003);
#1369=CIRCLE('',#1881,0.003);
#1370=CIRCLE('',#1882,0.003);
#1371=CIRCLE('',#1883,0.003);
#1372=CIRCLE('',#1884,0.00125);
#1373=CIRCLE('',#1885,0.00125);
#1374=CIRCLE('',#1886,0.00125);
#1375=CIRCLE('',#1887,0.00125);
#1376=CIRCLE('',#1894,0.0065);
#1377=CIRCLE('',#1895,0.0065);
#1378=CIRCLE('',#1896,0.002);
#1379=CIRCLE('',#1897,0.003);
#1380=CIRCLE('',#1898,0.003);
#1381=CIRCLE('',#1899,0.003);
#1382=CIRCLE('',#1900,0.003);
#1383=CIRCLE('',#1901,0.003);
#1384=CIRCLE('',#1902,0.003);
#1385=CIRCLE('',#1903,0.00125);
#1386=CIRCLE('',#1904,0.00125);
#1387=CIRCLE('',#1905,0.00125);
#1388=CIRCLE('',#1906,0.00125);
#1389=CIRCLE('',#1908,0.00175);
#1390=CIRCLE('',#1911,0.00175);
#1391=CIRCLE('',#1915,0.00175);
#1392=CIRCLE('',#1917,0.00175);
#1393=CIRCLE('',#1920,0.00175);
#1394=CIRCLE('',#1923,0.00175);
#1395=CIRCLE('',#1927,0.00175);
#1396=CIRCLE('',#1929,0.00175);
#1397=CIRCLE('',#1948,0.00175);
#1398=CIRCLE('',#1951,0.00175);
#1399=CIRCLE('',#1954,0.00175);
#1400=CIRCLE('',#1956,0.00175);
#1401=CIRCLE('',#1959,0.00175);
#1402=CIRCLE('',#1961,0.00175);
#1403=CIRCLE('',#1964,0.00175);
#1404=CIRCLE('',#1967,0.00175);
#1405=CIRCLE('',#2004,0.0065);
#1406=CIRCLE('',#2007,0.0065);
#1407=EDGE_LOOP('',(#470));
#1408=EDGE_LOOP('',(#471));
#1409=EDGE_LOOP('',(#472));
#1410=EDGE_LOOP('',(#473));
#1411=EDGE_LOOP('',(#474,#475,#476,#477));
#1412=EDGE_LOOP('',(#478,#479,#480,#481));
#1413=EDGE_LOOP('',(#482));
#1414=EDGE_LOOP('',(#483));
#1415=EDGE_LOOP('',(#484));
#1416=EDGE_LOOP('',(#485));
#1417=EDGE_LOOP('',(#486));
#1418=EDGE_LOOP('',(#487));
#1419=EDGE_LOOP('',(#488));
#1420=EDGE_LOOP('',(#489));
#1421=EDGE_LOOP('',(#490));
#1422=EDGE_LOOP('',(#491));
#1423=EDGE_LOOP('',(#492));
#1424=EDGE_LOOP('',(#493,#494,#495,#496,#497,#498,#499,#500));
#1425=EDGE_LOOP('',(#501,#502,#503,#504));
#1426=EDGE_LOOP('',(#505,#506,#507,#508));
#1427=EDGE_LOOP('',(#509,#510,#511,#512,#513,#514,#515,#516,#517,#518,#519,
#520,#521,#522,#523,#524,#525,#526,#527,#528,#529,#530,#531,#532,#533,#534,
#535,#536,#537,#538,#539,#540,#541,#542));
#1428=EDGE_LOOP('',(#543,#544,#545,#546));
#1429=EDGE_LOOP('',(#547,#548,#549,#550,#551,#552));
#1430=EDGE_LOOP('',(#553,#554,#555,#556));
#1431=EDGE_LOOP('',(#557,#558,#559,#560,#561,#562,#563,#564,#565,#566,#567,
#568));
#1432=EDGE_LOOP('',(#569,#570,#571,#572,#573,#574,#575,#576,#577,#578,#579,
#580,#581,#582,#583,#584,#585,#586));
#1433=EDGE_LOOP('',(#587));
#1434=EDGE_LOOP('',(#588));
#1435=EDGE_LOOP('',(#589));
#1436=EDGE_LOOP('',(#590));
#1437=EDGE_LOOP('',(#591));
#1438=EDGE_LOOP('',(#592));
#1439=EDGE_LOOP('',(#593));
#1440=EDGE_LOOP('',(#594));
#1441=EDGE_LOOP('',(#595));
#1442=EDGE_LOOP('',(#596));
#1443=EDGE_LOOP('',(#597));
#1444=EDGE_LOOP('',(#598));
#1445=EDGE_LOOP('',(#599));
#1446=EDGE_LOOP('',(#600,#601,#602,#603));
#1447=EDGE_LOOP('',(#604));
#1448=EDGE_LOOP('',(#605,#606,#607,#608));
#1449=EDGE_LOOP('',(#609,#610,#611,#612));
#1450=EDGE_LOOP('',(#613));
#1451=EDGE_LOOP('',(#614,#615,#616,#617));
#1452=EDGE_LOOP('',(#618,#619,#620,#621));
#1453=EDGE_LOOP('',(#622,#623,#624,#625));
#1454=EDGE_LOOP('',(#626));
#1455=EDGE_LOOP('',(#627,#628,#629,#630));
#1456=EDGE_LOOP('',(#631));
#1457=EDGE_LOOP('',(#632,#633,#634,#635));
#1458=EDGE_LOOP('',(#636,#637,#638,#639,#640,#641,#642,#643,#644,#645,#646,
#647));
#1459=EDGE_LOOP('',(#648));
#1460=EDGE_LOOP('',(#649,#650,#651,#652));
#1461=EDGE_LOOP('',(#653,#654,#655,#656));
#1462=EDGE_LOOP('',(#657));
#1463=EDGE_LOOP('',(#658,#659,#660,#661));
#1464=EDGE_LOOP('',(#662,#663,#664,#665));
#1465=EDGE_LOOP('',(#666,#667,#668,#669));
#1466=EDGE_LOOP('',(#670));
#1467=EDGE_LOOP('',(#671,#672,#673,#674));
#1468=EDGE_LOOP('',(#675));
#1469=EDGE_LOOP('',(#676,#677,#678,#679));
#1470=EDGE_LOOP('',(#680,#681,#682,#683));
#1471=EDGE_LOOP('',(#684,#685,#686,#687));
#1472=EDGE_LOOP('',(#688,#689,#690,#691));
#1473=EDGE_LOOP('',(#692,#693,#694,#695));
#1474=EDGE_LOOP('',(#696,#697,#698,#699,#700,#701,#702,#703));
#1475=EDGE_LOOP('',(#704,#705,#706,#707));
#1476=EDGE_LOOP('',(#708,#709,#710,#711));
#1477=EDGE_LOOP('',(#712,#713,#714,#715));
#1478=EDGE_LOOP('',(#716));
#1479=EDGE_LOOP('',(#717,#718,#719,#720));
#1480=EDGE_LOOP('',(#721,#722,#723,#724,#725,#726,#727,#728));
#1481=EDGE_LOOP('',(#729,#730,#731,#732));
#1482=EDGE_LOOP('',(#733,#734,#735,#736));
#1483=EDGE_LOOP('',(#737,#738,#739,#740));
#1484=EDGE_LOOP('',(#741,#742,#743,#744));
#1485=EDGE_LOOP('',(#745,#746,#747,#748,#749,#750,#751,#752,#753,#754,#755,
#756));
#1486=EDGE_LOOP('',(#757));
#1487=EDGE_LOOP('',(#758,#759,#760,#761));
#1488=EDGE_LOOP('',(#762,#763,#764,#765));
#1489=EDGE_LOOP('',(#766));
#1490=EDGE_LOOP('',(#767,#768,#769,#770));
#1491=EDGE_LOOP('',(#771,#772,#773,#774));
#1492=EDGE_LOOP('',(#775));
#1493=EDGE_LOOP('',(#776,#777,#778,#779));
#1494=EDGE_LOOP('',(#780,#781,#782,#783));
#1495=EDGE_LOOP('',(#784));
#1496=EDGE_LOOP('',(#785,#786,#787,#788));
#1497=EDGE_LOOP('',(#789));
#1498=EDGE_LOOP('',(#790,#791,#792,#793));
#1499=EDGE_LOOP('',(#794,#795,#796,#797));
#1500=EDGE_LOOP('',(#798));
#1501=EDGE_LOOP('',(#799,#800,#801,#802));
#1502=EDGE_LOOP('',(#803));
#1503=EDGE_LOOP('',(#804,#805,#806,#807));
#1504=EDGE_LOOP('',(#808,#809,#810,#811));
#1505=EDGE_LOOP('',(#812));
#1506=EDGE_LOOP('',(#813,#814,#815,#816));
#1507=EDGE_LOOP('',(#817,#818,#819,#820));
#1508=EDGE_LOOP('',(#821));
#1509=EDGE_LOOP('',(#822,#823,#824,#825));
#1510=EDGE_LOOP('',(#826,#827,#828,#829));
#1511=EDGE_LOOP('',(#830,#831,#832,#833));
#1512=EDGE_LOOP('',(#834));
#1513=EDGE_LOOP('',(#835));
#1514=EDGE_LOOP('',(#836));
#1515=EDGE_LOOP('',(#837));
#1516=EDGE_LOOP('',(#838));
#1517=EDGE_LOOP('',(#839));
#1518=EDGE_LOOP('',(#840));
#1519=EDGE_LOOP('',(#841));
#1520=EDGE_LOOP('',(#842));
#1521=EDGE_LOOP('',(#843));
#1522=EDGE_LOOP('',(#844));
#1523=EDGE_LOOP('',(#845));
#1524=EDGE_LOOP('',(#846));
#1525=EDGE_LOOP('',(#847));
#1526=EDGE_LOOP('',(#848));
#1527=EDGE_LOOP('',(#849));
#1528=EDGE_LOOP('',(#850,#851,#852,#853));
#1529=EDGE_LOOP('',(#854,#855,#856,#857,#858,#859));
#1530=EDGE_LOOP('',(#860,#861,#862,#863));
#1531=EDGE_LOOP('',(#864,#865,#866,#867,#868,#869));
#1532=EDGE_LOOP('',(#870,#871,#872,#873));
#1533=EDGE_LOOP('',(#874,#875,#876,#877,#878,#879));
#1534=EDGE_LOOP('',(#880,#881,#882,#883));
#1535=EDGE_LOOP('',(#884,#885,#886,#887,#888,#889,#890,#891));
#1536=EDGE_LOOP('',(#892));
#1537=EDGE_LOOP('',(#893));
#1538=EDGE_LOOP('',(#894));
#1539=EDGE_LOOP('',(#895));
#1540=EDGE_LOOP('',(#896));
#1541=EDGE_LOOP('',(#897));
#1542=EDGE_LOOP('',(#898));
#1543=EDGE_LOOP('',(#899));
#1544=EDGE_LOOP('',(#900));
#1545=EDGE_LOOP('',(#901));
#1546=EDGE_LOOP('',(#902));
#1547=EDGE_LOOP('',(#903));
#1548=EDGE_LOOP('',(#904));
#1549=EDGE_LOOP('',(#905));
#1550=EDGE_LOOP('',(#906));
#1551=EDGE_LOOP('',(#907));
#1552=EDGE_LOOP('',(#908));
#1553=EDGE_LOOP('',(#909));
#1554=EDGE_LOOP('',(#910));
#1555=EDGE_LOOP('',(#911));
#1556=EDGE_LOOP('',(#912,#913,#914,#915));
#1557=EDGE_LOOP('',(#916,#917,#918,#919,#920));
#1558=EDGE_LOOP('',(#921,#922,#923,#924));
#1559=EDGE_LOOP('',(#925,#926,#927,#928));
#1560=EDGE_LOOP('',(#929,#930,#931,#932,#933));
#1561=EDGE_LOOP('',(#934,#935,#936,#937));
#1562=EDGE_LOOP('',(#938));
#1563=EDGE_LOOP('',(#939));
#1564=EDGE_LOOP('',(#940));
#1565=EDGE_LOOP('',(#941));
#1566=EDGE_LOOP('',(#942));
#1567=EDGE_LOOP('',(#943));
#1568=EDGE_LOOP('',(#944));
#1569=EDGE_LOOP('',(#945));
#1570=EDGE_LOOP('',(#946));
#1571=EDGE_LOOP('',(#947));
#1572=FACE_BOUND('',#1407,.T.);
#1573=FACE_BOUND('',#1408,.T.);
#1574=FACE_BOUND('',#1409,.T.);
#1575=FACE_BOUND('',#1410,.T.);
#1576=FACE_BOUND('',#1411,.T.);
#1577=FACE_BOUND('',#1412,.T.);
#1578=FACE_BOUND('',#1413,.T.);
#1579=FACE_BOUND('',#1414,.T.);
#1580=FACE_BOUND('',#1415,.T.);
#1581=FACE_BOUND('',#1416,.T.);
#1582=FACE_BOUND('',#1417,.T.);
#1583=FACE_BOUND('',#1418,.T.);
#1584=FACE_BOUND('',#1419,.T.);
#1585=FACE_BOUND('',#1420,.T.);
#1586=FACE_BOUND('',#1421,.T.);
#1587=FACE_BOUND('',#1422,.T.);
#1588=FACE_BOUND('',#1423,.T.);
#1589=FACE_BOUND('',#1424,.T.);
#1590=FACE_BOUND('',#1425,.T.);
#1591=FACE_BOUND('',#1426,.T.);
#1592=FACE_BOUND('',#1427,.T.);
#1593=FACE_BOUND('',#1428,.T.);
#1594=FACE_BOUND('',#1429,.T.);
#1595=FACE_BOUND('',#1430,.T.);
#1596=FACE_BOUND('',#1431,.T.);
#1597=FACE_BOUND('',#1432,.T.);
#1598=FACE_BOUND('',#1433,.T.);
#1599=FACE_BOUND('',#1434,.T.);
#1600=FACE_BOUND('',#1435,.T.);
#1601=FACE_BOUND('',#1436,.T.);
#1602=FACE_BOUND('',#1437,.T.);
#1603=FACE_BOUND('',#1438,.T.);
#1604=FACE_BOUND('',#1439,.T.);
#1605=FACE_BOUND('',#1440,.T.);
#1606=FACE_BOUND('',#1441,.T.);
#1607=FACE_BOUND('',#1442,.T.);
#1608=FACE_BOUND('',#1443,.T.);
#1609=FACE_BOUND('',#1444,.T.);
#1610=FACE_BOUND('',#1445,.T.);
#1611=FACE_BOUND('',#1446,.T.);
#1612=FACE_BOUND('',#1447,.T.);
#1613=FACE_BOUND('',#1448,.T.);
#1614=FACE_BOUND('',#1449,.T.);
#1615=FACE_BOUND('',#1450,.T.);
#1616=FACE_BOUND('',#1451,.T.);
#1617=FACE_BOUND('',#1452,.T.);
#1618=FACE_BOUND('',#1453,.T.);
#1619=FACE_BOUND('',#1454,.T.);
#1620=FACE_BOUND('',#1455,.T.);
#1621=FACE_BOUND('',#1456,.T.);
#1622=FACE_BOUND('',#1457,.T.);
#1623=FACE_BOUND('',#1458,.T.);
#1624=FACE_BOUND('',#1459,.T.);
#1625=FACE_BOUND('',#1460,.T.);
#1626=FACE_BOUND('',#1461,.T.);
#1627=FACE_BOUND('',#1462,.T.);
#1628=FACE_BOUND('',#1463,.T.);
#1629=FACE_BOUND('',#1464,.T.);
#1630=FACE_BOUND('',#1465,.T.);
#1631=FACE_BOUND('',#1466,.T.);
#1632=FACE_BOUND('',#1467,.T.);
#1633=FACE_BOUND('',#1468,.T.);
#1634=FACE_BOUND('',#1469,.T.);
#1635=FACE_BOUND('',#1470,.T.);
#1636=FACE_BOUND('',#1471,.T.);
#1637=FACE_BOUND('',#1472,.T.);
#1638=FACE_BOUND('',#1473,.T.);
#1639=FACE_BOUND('',#1474,.T.);
#1640=FACE_BOUND('',#1475,.T.);
#1641=FACE_BOUND('',#1476,.T.);
#1642=FACE_BOUND('',#1477,.T.);
#1643=FACE_BOUND('',#1478,.T.);
#1644=FACE_BOUND('',#1479,.T.);
#1645=FACE_BOUND('',#1480,.T.);
#1646=FACE_BOUND('',#1481,.T.);
#1647=FACE_BOUND('',#1482,.T.);
#1648=FACE_BOUND('',#1483,.T.);
#1649=FACE_BOUND('',#1484,.T.);
#1650=FACE_BOUND('',#1485,.T.);
#1651=FACE_BOUND('',#1486,.T.);
#1652=FACE_BOUND('',#1487,.T.);
#1653=FACE_BOUND('',#1488,.T.);
#1654=FACE_BOUND('',#1489,.T.);
#1655=FACE_BOUND('',#1490,.T.);
#1656=FACE_BOUND('',#1491,.T.);
#1657=FACE_BOUND('',#1492,.T.);
#1658=FACE_BOUND('',#1493,.T.);
#1659=FACE_BOUND('',#1494,.T.);
#1660=FACE_BOUND('',#1495,.T.);
#1661=FACE_BOUND('',#1496,.T.);
#1662=FACE_BOUND('',#1497,.T.);
#1663=FACE_BOUND('',#1498,.T.);
#1664=FACE_BOUND('',#1499,.T.);
#1665=FACE_BOUND('',#1500,.T.);
#1666=FACE_BOUND('',#1501,.T.);
#1667=FACE_BOUND('',#1502,.T.);
#1668=FACE_BOUND('',#1503,.T.);
#1669=FACE_BOUND('',#1504,.T.);
#1670=FACE_BOUND('',#1505,.T.);
#1671=FACE_BOUND('',#1506,.T.);
#1672=FACE_BOUND('',#1507,.T.);
#1673=FACE_BOUND('',#1508,.T.);
#1674=FACE_BOUND('',#1509,.T.);
#1675=FACE_BOUND('',#1510,.T.);
#1676=FACE_BOUND('',#1511,.T.);
#1677=FACE_BOUND('',#1512,.T.);
#1678=FACE_BOUND('',#1513,.T.);
#1679=FACE_BOUND('',#1514,.T.);
#1680=FACE_BOUND('',#1515,.T.);
#1681=FACE_BOUND('',#1516,.T.);
#1682=FACE_BOUND('',#1517,.T.);
#1683=FACE_BOUND('',#1518,.T.);
#1684=FACE_BOUND('',#1519,.T.);
#1685=FACE_BOUND('',#1520,.T.);
#1686=FACE_BOUND('',#1521,.T.);
#1687=FACE_BOUND('',#1522,.T.);
#1688=FACE_BOUND('',#1523,.T.);
#1689=FACE_BOUND('',#1524,.T.);
#1690=FACE_BOUND('',#1525,.T.);
#1691=FACE_BOUND('',#1526,.T.);
#1692=FACE_BOUND('',#1527,.T.);
#1693=FACE_BOUND('',#1528,.T.);
#1694=FACE_BOUND('',#1529,.T.);
#1695=FACE_BOUND('',#1530,.T.);
#1696=FACE_BOUND('',#1531,.T.);
#1697=FACE_BOUND('',#1532,.T.);
#1698=FACE_BOUND('',#1533,.T.);
#1699=FACE_BOUND('',#1534,.T.);
#1700=FACE_BOUND('',#1535,.T.);
#1701=FACE_BOUND('',#1536,.T.);
#1702=FACE_BOUND('',#1537,.T.);
#1703=FACE_BOUND('',#1538,.T.);
#1704=FACE_BOUND('',#1539,.T.);
#1705=FACE_BOUND('',#1540,.T.);
#1706=FACE_BOUND('',#1541,.T.);
#1707=FACE_BOUND('',#1542,.T.);
#1708=FACE_BOUND('',#1543,.T.);
#1709=FACE_BOUND('',#1544,.T.);
#1710=FACE_BOUND('',#1545,.T.);
#1711=FACE_BOUND('',#1546,.T.);
#1712=FACE_BOUND('',#1547,.T.);
#1713=FACE_BOUND('',#1548,.T.);
#1714=FACE_BOUND('',#1549,.T.);
#1715=FACE_BOUND('',#1550,.T.);
#1716=FACE_BOUND('',#1551,.T.);
#1717=FACE_BOUND('',#1552,.T.);
#1718=FACE_BOUND('',#1553,.T.);
#1719=FACE_BOUND('',#1554,.T.);
#1720=FACE_BOUND('',#1555,.T.);
#1721=FACE_BOUND('',#1556,.T.);
#1722=FACE_BOUND('',#1557,.T.);
#1723=FACE_BOUND('',#1558,.T.);
#1724=FACE_BOUND('',#1559,.T.);
#1725=FACE_BOUND('',#1560,.T.);
#1726=FACE_BOUND('',#1561,.T.);
#1727=FACE_BOUND('',#1562,.T.);
#1728=FACE_BOUND('',#1563,.T.);
#1729=FACE_BOUND('',#1564,.T.);
#1730=FACE_BOUND('',#1565,.T.);
#1731=FACE_BOUND('',#1566,.T.);
#1732=FACE_BOUND('',#1567,.T.);
#1733=FACE_BOUND('',#1568,.T.);
#1734=FACE_BOUND('',#1569,.T.);
#1735=FACE_BOUND('',#1570,.T.);
#1736=FACE_BOUND('',#1571,.T.);
#1737=CYLINDRICAL_SURFACE('',#1868,0.003);
#1738=CYLINDRICAL_SURFACE('',#1871,0.003);
#1739=CYLINDRICAL_SURFACE('',#1970,0.00175);
#1740=CYLINDRICAL_SURFACE('',#1971,0.00175);
#1741=CYLINDRICAL_SURFACE('',#1972,0.00175);
#1742=CYLINDRICAL_SURFACE('',#1973,0.00175);
#1743=CYLINDRICAL_SURFACE('',#1974,0.00175);
#1744=CYLINDRICAL_SURFACE('',#1975,0.00175);
#1745=CYLINDRICAL_SURFACE('',#1976,0.00175);
#1746=CYLINDRICAL_SURFACE('',#1977,0.00175);
#1747=CYLINDRICAL_SURFACE('',#1986,0.00125);
#1748=CYLINDRICAL_SURFACE('',#1987,0.00125);
#1749=CYLINDRICAL_SURFACE('',#1988,0.00125);
#1750=CYLINDRICAL_SURFACE('',#1989,0.00125);
#1751=CYLINDRICAL_SURFACE('',#1990,0.003);
#1752=CYLINDRICAL_SURFACE('',#1991,0.003);
#1753=CYLINDRICAL_SURFACE('',#1992,0.003);
#1754=CYLINDRICAL_SURFACE('',#1993,0.003);
#1755=CYLINDRICAL_SURFACE('',#1994,0.003);
#1756=CYLINDRICAL_SURFACE('',#1995,0.003);
#1757=CYLINDRICAL_SURFACE('',#2002,0.002);
#1758=CYLINDRICAL_SURFACE('',#2005,0.0065);
#1759=CYLINDRICAL_SURFACE('',#2008,0.0065);
#1760=ADVANCED_FACE('',(#1572,#1573),#1737,.F.);
#1761=ADVANCED_FACE('',(#1574,#1575),#1738,.F.);
#1762=ADVANCED_FACE('',(#1576),#398,.T.);
#1763=ADVANCED_FACE('',(#1577),#399,.T.);
#1764=ADVANCED_FACE('',(#1578,#1579,#1580,#1581,#1582,#1583,#1584,#1585,
#1586,#1587,#1588,#1589,#1590,#1591,#1592),#400,.T.);
#1765=ADVANCED_FACE('',(#1593),#401,.T.);
#1766=ADVANCED_FACE('',(#1594),#402,.T.);
#1767=ADVANCED_FACE('',(#1595),#403,.F.);
#1768=ADVANCED_FACE('',(#1596),#404,.F.);
#1769=ADVANCED_FACE('',(#1597),#405,.T.);
#1770=ADVANCED_FACE('',(#1598,#1599,#1600,#1601,#1602,#1603,#1604,#1605,
#1606,#1607,#1608,#1609,#1610,#1611),#406,.F.);
#1771=ADVANCED_FACE('',(#1612,#1613),#407,.F.);
#1772=ADVANCED_FACE('',(#1614),#408,.F.);
#1773=ADVANCED_FACE('',(#1615,#1616),#409,.T.);
#1774=ADVANCED_FACE('',(#1617),#410,.T.);
#1775=ADVANCED_FACE('',(#1618),#411,.T.);
#1776=ADVANCED_FACE('',(#1619,#1620),#412,.F.);
#1777=ADVANCED_FACE('',(#1621,#1622),#413,.T.);
#1778=ADVANCED_FACE('',(#1623),#414,.T.);
#1779=ADVANCED_FACE('',(#1624,#1625),#415,.F.);
#1780=ADVANCED_FACE('',(#1626),#416,.F.);
#1781=ADVANCED_FACE('',(#1627,#1628),#417,.T.);
#1782=ADVANCED_FACE('',(#1629),#418,.T.);
#1783=ADVANCED_FACE('',(#1630),#419,.T.);
#1784=ADVANCED_FACE('',(#1631,#1632),#420,.F.);
#1785=ADVANCED_FACE('',(#1633,#1634),#421,.T.);
#1786=ADVANCED_FACE('',(#1635),#422,.T.);
#1787=ADVANCED_FACE('',(#1636),#423,.T.);
#1788=ADVANCED_FACE('',(#1637),#424,.T.);
#1789=ADVANCED_FACE('',(#1638),#425,.F.);
#1790=ADVANCED_FACE('',(#1639),#426,.T.);
#1791=ADVANCED_FACE('',(#1640),#427,.T.);
#1792=ADVANCED_FACE('',(#1641),#428,.F.);
#1793=ADVANCED_FACE('',(#1642),#429,.T.);
#1794=ADVANCED_FACE('',(#1643,#1644),#430,.T.);
#1795=ADVANCED_FACE('',(#1645),#431,.F.);
#1796=ADVANCED_FACE('',(#1646),#432,.T.);
#1797=ADVANCED_FACE('',(#1647),#433,.T.);
#1798=ADVANCED_FACE('',(#1648),#434,.T.);
#1799=ADVANCED_FACE('',(#1649),#435,.F.);
#1800=ADVANCED_FACE('',(#1650),#436,.T.);
#1801=ADVANCED_FACE('',(#1651,#1652),#437,.T.);
#1802=ADVANCED_FACE('',(#1653),#438,.T.);
#1803=ADVANCED_FACE('',(#1654,#1655),#439,.F.);
#1804=ADVANCED_FACE('',(#1656),#440,.F.);
#1805=ADVANCED_FACE('',(#1657,#1658),#441,.T.);
#1806=ADVANCED_FACE('',(#1659),#442,.T.);
#1807=ADVANCED_FACE('',(#1660,#1661),#443,.T.);
#1808=ADVANCED_FACE('',(#1662,#1663),#444,.F.);
#1809=ADVANCED_FACE('',(#1664),#445,.T.);
#1810=ADVANCED_FACE('',(#1665,#1666),#446,.T.);
#1811=ADVANCED_FACE('',(#1667,#1668),#447,.F.);
#1812=ADVANCED_FACE('',(#1669),#448,.T.);
#1813=ADVANCED_FACE('',(#1670,#1671),#449,.T.);
#1814=ADVANCED_FACE('',(#1672),#450,.F.);
#1815=ADVANCED_FACE('',(#1673,#1674),#451,.F.);
#1816=ADVANCED_FACE('',(#1675),#452,.T.);
#1817=ADVANCED_FACE('',(#1676),#453,.T.);
#1818=ADVANCED_FACE('',(#1677,#1678),#1739,.F.);
#1819=ADVANCED_FACE('',(#1679,#1680),#1740,.F.);
#1820=ADVANCED_FACE('',(#1681,#1682),#1741,.F.);
#1821=ADVANCED_FACE('',(#1683,#1684),#1742,.F.);
#1822=ADVANCED_FACE('',(#1685,#1686),#1743,.F.);
#1823=ADVANCED_FACE('',(#1687,#1688),#1744,.F.);
#1824=ADVANCED_FACE('',(#1689,#1690),#1745,.F.);
#1825=ADVANCED_FACE('',(#1691,#1692),#1746,.F.);
#1826=ADVANCED_FACE('',(#1693),#454,.T.);
#1827=ADVANCED_FACE('',(#1694),#455,.T.);
#1828=ADVANCED_FACE('',(#1695),#456,.F.);
#1829=ADVANCED_FACE('',(#1696),#457,.F.);
#1830=ADVANCED_FACE('',(#1697),#458,.T.);
#1831=ADVANCED_FACE('',(#1698),#459,.F.);
#1832=ADVANCED_FACE('',(#1699),#460,.F.);
#1833=ADVANCED_FACE('',(#1700),#461,.T.);
#1834=ADVANCED_FACE('',(#1701,#1702),#1747,.F.);
#1835=ADVANCED_FACE('',(#1703,#1704),#1748,.F.);
#1836=ADVANCED_FACE('',(#1705,#1706),#1749,.F.);
#1837=ADVANCED_FACE('',(#1707,#1708),#1750,.F.);
#1838=ADVANCED_FACE('',(#1709,#1710),#1751,.F.);
#1839=ADVANCED_FACE('',(#1711,#1712),#1752,.F.);
#1840=ADVANCED_FACE('',(#1713,#1714),#1753,.F.);
#1841=ADVANCED_FACE('',(#1715,#1716),#1754,.F.);
#1842=ADVANCED_FACE('',(#1717,#1718),#1755,.F.);
#1843=ADVANCED_FACE('',(#1719,#1720),#1756,.F.);
#1844=ADVANCED_FACE('',(#1721),#462,.F.);
#1845=ADVANCED_FACE('',(#1722),#463,.T.);
#1846=ADVANCED_FACE('',(#1723),#464,.T.);
#1847=ADVANCED_FACE('',(#1724),#465,.F.);
#1848=ADVANCED_FACE('',(#1725),#466,.F.);
#1849=ADVANCED_FACE('',(#1726),#467,.T.);
#1850=ADVANCED_FACE('',(#1727,#1728),#1757,.F.);
#1851=ADVANCED_FACE('',(#1729,#1730),#468,.T.);
#1852=ADVANCED_FACE('',(#1731,#1732),#1758,.F.);
#1853=ADVANCED_FACE('',(#1733,#1734),#469,.T.);
#1854=ADVANCED_FACE('',(#1735,#1736),#1759,.F.);
#1855=CLOSED_SHELL('',(#1760,#1761,#1762,#1763,#1764,#1765,#1766,#1767,
#1768,#1769,#1770,#1771,#1772,#1773,#1774,#1775,#1776,#1777,#1778,#1779,
#1780,#1781,#1782,#1783,#1784,#1785,#1786,#1787,#1788,#1789,#1790,#1791,
#1792,#1793,#1794,#1795,#1796,#1797,#1798,#1799,#1800,#1801,#1802,#1803,
#1804,#1805,#1806,#1807,#1808,#1809,#1810,#1811,#1812,#1813,#1814,#1815,
#1816,#1817,#1818,#1819,#1820,#1821,#1822,#1823,#1824,#1825,#1826,#1827,
#1828,#1829,#1830,#1831,#1832,#1833,#1834,#1835,#1836,#1837,#1838,#1839,
#1840,#1841,#1842,#1843,#1844,#1845,#1846,#1847,#1848,#1849,#1850,#1851,
#1852,#1853,#1854));
#1856=STYLED_ITEM('',(#1857),#1864);
#1857=PRESENTATION_STYLE_ASSIGNMENT((#1858));
#1858=SURFACE_STYLE_USAGE(.BOTH.,#1859);
#1859=SURFACE_SIDE_STYLE('',(#1860));
#1860=SURFACE_STYLE_FILL_AREA(#1861);
#1861=FILL_AREA_STYLE('',(#1862));
#1862=FILL_AREA_STYLE_COLOUR('',#1863);
#1863=COLOUR_RGB('',0.615686274509804,0.811764705882353,0.929411764705882);
#1864=MANIFOLD_SOLID_BREP('Part 1',#1855);
#1865=SHAPE_DEFINITION_REPRESENTATION(#3001,#1866);
#1866=SHAPE_REPRESENTATION('Part 1',(#1867),#2996);
#1867=AXIS2_PLACEMENT_3D('',#2486,#2009,#2010);
#1868=AXIS2_PLACEMENT_3D('',#2487,#2011,#2012);
#1869=AXIS2_PLACEMENT_3D('',#2488,#2013,#2014);
#1870=AXIS2_PLACEMENT_3D('',#2490,#2015,#2016);
#1871=AXIS2_PLACEMENT_3D('',#2492,#2017,#2018);
#1872=AXIS2_PLACEMENT_3D('',#2493,#2019,#2020);
#1873=AXIS2_PLACEMENT_3D('',#2495,#2021,#2022);
#1874=AXIS2_PLACEMENT_3D('',#2497,#2023,#2024);
#1875=AXIS2_PLACEMENT_3D('',#2506,#2029,#2030);
#1876=AXIS2_PLACEMENT_3D('',#2515,#2035,#2036);
#1877=AXIS2_PLACEMENT_3D('',#2516,#2037,#2038);
#1878=AXIS2_PLACEMENT_3D('',#2518,#2039,#2040);
#1879=AXIS2_PLACEMENT_3D('',#2520,#2041,#2042);
#1880=AXIS2_PLACEMENT_3D('',#2522,#2043,#2044);
#1881=AXIS2_PLACEMENT_3D('',#2524,#2045,#2046);
#1882=AXIS2_PLACEMENT_3D('',#2526,#2047,#2048);
#1883=AXIS2_PLACEMENT_3D('',#2528,#2049,#2050);
#1884=AXIS2_PLACEMENT_3D('',#2530,#2051,#2052);
#1885=AXIS2_PLACEMENT_3D('',#2532,#2053,#2054);
#1886=AXIS2_PLACEMENT_3D('',#2534,#2055,#2056);
#1887=AXIS2_PLACEMENT_3D('',#2536,#2057,#2058);
#1888=AXIS2_PLACEMENT_3D('',#2635,#2108,#2109);
#1889=AXIS2_PLACEMENT_3D('',#2641,#2113,#2114);
#1890=AXIS2_PLACEMENT_3D('',#2651,#2120,#2121);
#1891=AXIS2_PLACEMENT_3D('',#2655,#2124,#2125);
#1892=AXIS2_PLACEMENT_3D('',#2669,#2134,#2135);
#1893=AXIS2_PLACEMENT_3D('',#2693,#2149,#2150);
#1894=AXIS2_PLACEMENT_3D('',#2694,#2151,#2152);
#1895=AXIS2_PLACEMENT_3D('',#2696,#2153,#2154);
#1896=AXIS2_PLACEMENT_3D('',#2698,#2155,#2156);
#1897=AXIS2_PLACEMENT_3D('',#2700,#2157,#2158);
#1898=AXIS2_PLACEMENT_3D('',#2702,#2159,#2160);
#1899=AXIS2_PLACEMENT_3D('',#2704,#2161,#2162);
#1900=AXIS2_PLACEMENT_3D('',#2706,#2163,#2164);
#1901=AXIS2_PLACEMENT_3D('',#2708,#2165,#2166);
#1902=AXIS2_PLACEMENT_3D('',#2710,#2167,#2168);
#1903=AXIS2_PLACEMENT_3D('',#2712,#2169,#2170);
#1904=AXIS2_PLACEMENT_3D('',#2714,#2171,#2172);
#1905=AXIS2_PLACEMENT_3D('',#2716,#2173,#2174);
#1906=AXIS2_PLACEMENT_3D('',#2718,#2175,#2176);
#1907=AXIS2_PLACEMENT_3D('',#2720,#2177,#2178);
#1908=AXIS2_PLACEMENT_3D('',#2721,#2179,#2180);
#1909=AXIS2_PLACEMENT_3D('',#2726,#2183,#2184);
#1910=AXIS2_PLACEMENT_3D('',#2730,#2187,#2188);
#1911=AXIS2_PLACEMENT_3D('',#2731,#2189,#2190);
#1912=AXIS2_PLACEMENT_3D('',#2734,#2192,#2193);
#1913=AXIS2_PLACEMENT_3D('',#2735,#2194,#2195);
#1914=AXIS2_PLACEMENT_3D('',#2741,#2199,#2200);
#1915=AXIS2_PLACEMENT_3D('',#2742,#2201,#2202);
#1916=AXIS2_PLACEMENT_3D('',#2747,#2205,#2206);
#1917=AXIS2_PLACEMENT_3D('',#2748,#2207,#2208);
#1918=AXIS2_PLACEMENT_3D('',#2753,#2211,#2212);
#1919=AXIS2_PLACEMENT_3D('',#2768,#2221,#2222);
#1920=AXIS2_PLACEMENT_3D('',#2769,#2223,#2224);
#1921=AXIS2_PLACEMENT_3D('',#2774,#2227,#2228);
#1922=AXIS2_PLACEMENT_3D('',#2778,#2231,#2232);
#1923=AXIS2_PLACEMENT_3D('',#2779,#2233,#2234);
#1924=AXIS2_PLACEMENT_3D('',#2782,#2236,#2237);
#1925=AXIS2_PLACEMENT_3D('',#2783,#2238,#2239);
#1926=AXIS2_PLACEMENT_3D('',#2786,#2242,#2243);
#1927=AXIS2_PLACEMENT_3D('',#2787,#2244,#2245);
#1928=AXIS2_PLACEMENT_3D('',#2790,#2247,#2248);
#1929=AXIS2_PLACEMENT_3D('',#2791,#2249,#2250);
#1930=AXIS2_PLACEMENT_3D('',#2794,#2252,#2253);
#1931=AXIS2_PLACEMENT_3D('',#2795,#2254,#2255);
#1932=AXIS2_PLACEMENT_3D('',#2797,#2257,#2258);
#1933=AXIS2_PLACEMENT_3D('',#2798,#2259,#2260);
#1934=AXIS2_PLACEMENT_3D('',#2802,#2263,#2264);
#1935=AXIS2_PLACEMENT_3D('',#2810,#2269,#2270);
#1936=AXIS2_PLACEMENT_3D('',#2813,#2273,#2274);
#1937=AXIS2_PLACEMENT_3D('',#2815,#2276,#2277);
#1938=AXIS2_PLACEMENT_3D('',#2816,#2278,#2279);
#1939=AXIS2_PLACEMENT_3D('',#2817,#2280,#2281);
#1940=AXIS2_PLACEMENT_3D('',#2829,#2288,#2289);
#1941=AXIS2_PLACEMENT_3D('',#2832,#2292,#2293);
#1942=AXIS2_PLACEMENT_3D('',#2833,#2294,#2295);
#1943=AXIS2_PLACEMENT_3D('',#2837,#2298,#2299);
#1944=AXIS2_PLACEMENT_3D('',#2840,#2302,#2303);
#1945=AXIS2_PLACEMENT_3D('',#2851,#2310,#2311);
#1946=AXIS2_PLACEMENT_3D('',#2852,#2312,#2313);
#1947=AXIS2_PLACEMENT_3D('',#2858,#2317,#2318);
#1948=AXIS2_PLACEMENT_3D('',#2859,#2319,#2320);
#1949=AXIS2_PLACEMENT_3D('',#2864,#2323,#2324);
#1950=AXIS2_PLACEMENT_3D('',#2868,#2327,#2328);
#1951=AXIS2_PLACEMENT_3D('',#2869,#2329,#2330);
#1952=AXIS2_PLACEMENT_3D('',#2872,#2332,#2333);
#1953=AXIS2_PLACEMENT_3D('',#2873,#2334,#2335);
#1954=AXIS2_PLACEMENT_3D('',#2874,#2336,#2337);
#1955=AXIS2_PLACEMENT_3D('',#2877,#2339,#2340);
#1956=AXIS2_PLACEMENT_3D('',#2878,#2341,#2342);
#1957=AXIS2_PLACEMENT_3D('',#2881,#2344,#2345);
#1958=AXIS2_PLACEMENT_3D('',#2882,#2346,#2347);
#1959=AXIS2_PLACEMENT_3D('',#2883,#2348,#2349);
#1960=AXIS2_PLACEMENT_3D('',#2886,#2351,#2352);
#1961=AXIS2_PLACEMENT_3D('',#2887,#2353,#2354);
#1962=AXIS2_PLACEMENT_3D('',#2890,#2356,#2357);
#1963=AXIS2_PLACEMENT_3D('',#2891,#2358,#2359);
#1964=AXIS2_PLACEMENT_3D('',#2892,#2360,#2361);
#1965=AXIS2_PLACEMENT_3D('',#2899,#2365,#2366);
#1966=AXIS2_PLACEMENT_3D('',#2903,#2369,#2370);
#1967=AXIS2_PLACEMENT_3D('',#2904,#2371,#2372);
#1968=AXIS2_PLACEMENT_3D('',#2909,#2375,#2376);
#1969=AXIS2_PLACEMENT_3D('',#2911,#2378,#2379);
#1970=AXIS2_PLACEMENT_3D('',#2912,#2380,#2381);
#1971=AXIS2_PLACEMENT_3D('',#2913,#2382,#2383);
#1972=AXIS2_PLACEMENT_3D('',#2914,#2384,#2385);
#1973=AXIS2_PLACEMENT_3D('',#2915,#2386,#2387);
#1974=AXIS2_PLACEMENT_3D('',#2916,#2388,#2389);
#1975=AXIS2_PLACEMENT_3D('',#2917,#2390,#2391);
#1976=AXIS2_PLACEMENT_3D('',#2918,#2392,#2393);
#1977=AXIS2_PLACEMENT_3D('',#2919,#2394,#2395);
#1978=AXIS2_PLACEMENT_3D('',#2920,#2396,#2397);
#1979=AXIS2_PLACEMENT_3D('',#2926,#2401,#2402);
#1980=AXIS2_PLACEMENT_3D('',#2934,#2407,#2408);
#1981=AXIS2_PLACEMENT_3D('',#2938,#2411,#2412);
#1982=AXIS2_PLACEMENT_3D('',#2943,#2416,#2417);
#1983=AXIS2_PLACEMENT_3D('',#2947,#2420,#2421);
#1984=AXIS2_PLACEMENT_3D('',#2955,#2426,#2427);
#1985=AXIS2_PLACEMENT_3D('',#2959,#2430,#2431);
#1986=AXIS2_PLACEMENT_3D('',#2966,#2436,#2437);
#1987=AXIS2_PLACEMENT_3D('',#2967,#2438,#2439);
#1988=AXIS2_PLACEMENT_3D('',#2968,#2440,#2441);
#1989=AXIS2_PLACEMENT_3D('',#2969,#2442,#2443);
#1990=AXIS2_PLACEMENT_3D('',#2970,#2444,#2445);
#1991=AXIS2_PLACEMENT_3D('',#2971,#2446,#2447);
#1992=AXIS2_PLACEMENT_3D('',#2972,#2448,#2449);
#1993=AXIS2_PLACEMENT_3D('',#2973,#2450,#2451);
#1994=AXIS2_PLACEMENT_3D('',#2974,#2452,#2453);
#1995=AXIS2_PLACEMENT_3D('',#2975,#2454,#2455);
#1996=AXIS2_PLACEMENT_3D('',#2976,#2456,#2457);
#1997=AXIS2_PLACEMENT_3D('',#2978,#2459,#2460);
#1998=AXIS2_PLACEMENT_3D('',#2980,#2462,#2463);
#1999=AXIS2_PLACEMENT_3D('',#2981,#2464,#2465);
#2000=AXIS2_PLACEMENT_3D('',#2983,#2467,#2468);
#2001=AXIS2_PLACEMENT_3D('',#2985,#2470,#2471);
#2002=AXIS2_PLACEMENT_3D('',#2986,#2472,#2473);
#2003=AXIS2_PLACEMENT_3D('',#2987,#2474,#2475);
#2004=AXIS2_PLACEMENT_3D('',#2988,#2476,#2477);
#2005=AXIS2_PLACEMENT_3D('',#2990,#2478,#2479);
#2006=AXIS2_PLACEMENT_3D('',#2991,#2480,#2481);
#2007=AXIS2_PLACEMENT_3D('',#2992,#2482,#2483);
#2008=AXIS2_PLACEMENT_3D('',#2994,#2484,#2485);
#2009=DIRECTION('',(0.,0.,1.));
#2010=DIRECTION('',(1.,0.,0.));
#2011=DIRECTION('',(0.,0.,1.));
#2012=DIRECTION('',(1.,0.,0.));
#2013=DIRECTION('',(0.,0.,1.));
#2014=DIRECTION('',(1.,0.,0.));
#2015=DIRECTION('',(0.,0.,-1.));
#2016=DIRECTION('',(-1.,0.,0.));
#2017=DIRECTION('',(0.,0.,1.));
#2018=DIRECTION('',(1.,0.,0.));
#2019=DIRECTION('',(0.,0.,1.));
#2020=DIRECTION('',(1.,0.,0.));
#2021=DIRECTION('',(0.,0.,-1.));
#2022=DIRECTION('',(-1.,0.,0.));
#2023=DIRECTION('',(0.,0.,1.));
#2024=DIRECTION('',(1.,0.,0.));
#2025=DIRECTION('',(1.,0.,0.));
#2026=DIRECTION('',(1.34735803959364E-16,-1.,0.));
#2027=DIRECTION('',(1.,0.,0.));
#2028=DIRECTION('',(0.,-1.,0.));
#2029=DIRECTION('',(-1.,0.,0.));
#2030=DIRECTION('',(0.,0.,1.));
#2031=DIRECTION('',(0.,1.,0.));
#2032=DIRECTION('',(0.,0.,-1.));
#2033=DIRECTION('',(0.,1.,0.));
#2034=DIRECTION('',(0.,0.,-1.));
#2035=DIRECTION('',(0.,0.,1.));
#2036=DIRECTION('',(1.,0.,0.));
#2037=DIRECTION('',(0.,0.,1.));
#2038=DIRECTION('',(1.,0.,0.));
#2039=DIRECTION('',(0.,0.,1.));
#2040=DIRECTION('',(1.,0.,0.));
#2041=DIRECTION('',(0.,0.,1.));
#2042=DIRECTION('',(1.,0.,0.));
#2043=DIRECTION('',(0.,0.,1.));
#2044=DIRECTION('',(1.,0.,0.));
#2045=DIRECTION('',(0.,0.,1.));
#2046=DIRECTION('',(1.,0.,0.));
#2047=DIRECTION('',(0.,0.,1.));
#2048=DIRECTION('',(1.,0.,0.));
#2049=DIRECTION('',(0.,0.,1.));
#2050=DIRECTION('',(1.,0.,0.));
#2051=DIRECTION('',(0.,0.,1.));
#2052=DIRECTION('',(1.,0.,0.));
#2053=DIRECTION('',(0.,0.,1.));
#2054=DIRECTION('',(1.,0.,0.));
#2055=DIRECTION('',(0.,0.,1.));
#2056=DIRECTION('',(1.,0.,0.));
#2057=DIRECTION('',(0.,0.,1.));
#2058=DIRECTION('',(1.,0.,0.));
#2059=DIRECTION('',(1.,0.,0.));
#2060=DIRECTION('',(0.,-1.,0.));
#2061=DIRECTION('',(1.,0.,0.));
#2062=DIRECTION('',(0.,-1.,0.));
#2063=DIRECTION('',(1.,1.15009291224982E-16,0.));
#2064=DIRECTION('',(1.34735803959364E-16,-1.,0.));
#2065=DIRECTION('',(1.,0.,0.));
#2066=DIRECTION('',(0.,1.,0.));
#2067=DIRECTION('',(-1.,0.,0.));
#2068=DIRECTION('',(0.,1.,0.));
#2069=DIRECTION('',(-1.,0.,0.));
#2070=DIRECTION('',(0.,1.,0.));
#2071=DIRECTION('',(0.,1.,0.));
#2072=DIRECTION('',(1.,0.,0.));
#2073=DIRECTION('',(0.,1.,0.));
#2074=DIRECTION('',(1.,0.,0.));
#2075=DIRECTION('',(-1.,0.,0.));
#2076=DIRECTION('',(0.,1.,0.));
#2077=DIRECTION('',(-1.,0.,0.));
#2078=DIRECTION('',(0.,1.,0.));
#2079=DIRECTION('',(-1.,0.,0.));
#2080=DIRECTION('',(1.98254111540206E-16,-1.,0.));
#2081=DIRECTION('',(-1.,0.,0.));
#2082=DIRECTION('',(2.64338815386942E-16,-1.,0.));
#2083=DIRECTION('',(1.,0.,0.));
#2084=DIRECTION('',(-3.46944695195361E-15,1.,0.));
#2085=DIRECTION('',(1.,0.,0.));
#2086=DIRECTION('',(2.64338815386942E-16,-1.,0.));
#2087=DIRECTION('',(1.,0.,0.));
#2088=DIRECTION('',(0.,1.,0.));
#2089=DIRECTION('',(1.,0.,0.));
#2090=DIRECTION('',(2.64338815386942E-16,-1.,0.));
#2091=DIRECTION('',(-1.,0.,0.));
#2092=DIRECTION('',(-2.56996070515082E-16,1.,0.));
#2093=DIRECTION('',(1.,0.,0.));
#2094=DIRECTION('',(0.,1.,0.));
#2095=DIRECTION('',(1.,0.,0.));
#2096=DIRECTION('',(-2.56996070515082E-16,1.,0.));
#2097=DIRECTION('',(1.,0.,0.));
#2098=DIRECTION('',(0.,1.,0.));
#2099=DIRECTION('',(1.,0.,0.));
#2100=DIRECTION('',(-2.56996070515082E-16,1.,0.));
#2101=DIRECTION('',(1.,0.,0.));
#2102=DIRECTION('',(-2.56996070515082E-16,1.,0.));
#2103=DIRECTION('',(-1.,0.,0.));
#2104=DIRECTION('',(0.,1.,0.));
#2105=DIRECTION('',(-1.,0.,0.));
#2106=DIRECTION('',(0.,1.,0.));
#2107=DIRECTION('',(-1.,0.,0.));
#2108=DIRECTION('',(-1.,0.,0.));
#2109=DIRECTION('',(0.,0.,1.));
#2110=DIRECTION('',(0.,1.,0.));
#2111=DIRECTION('',(0.,0.,-1.));
#2112=DIRECTION('',(0.,0.,-1.));
#2113=DIRECTION('',(1.,1.98254111540206E-16,0.));
#2114=DIRECTION('',(-1.98254111540206E-16,1.,0.));
#2115=DIRECTION('',(1.98254111540206E-16,-1.,0.));
#2116=DIRECTION('',(0.,0.,-1.));
#2117=DIRECTION('',(0.,0.,-1.));
#2118=DIRECTION('',(1.98254111540206E-16,-1.,0.));
#2119=DIRECTION('',(0.,0.,-1.));
#2120=DIRECTION('',(0.,-1.,0.));
#2121=DIRECTION('',(0.,0.,-1.));
#2122=DIRECTION('',(-1.,0.,0.));
#2123=DIRECTION('',(0.,0.,-1.));
#2124=DIRECTION('',(1.,2.64338815386942E-16,0.));
#2125=DIRECTION('',(-2.64338815386942E-16,1.,0.));
#2126=DIRECTION('',(2.64338815386942E-16,-1.,0.));
#2127=DIRECTION('',(0.,0.,-1.));
#2128=DIRECTION('',(0.,0.,-1.));
#2129=DIRECTION('',(2.64338815386942E-16,-1.,0.));
#2130=DIRECTION('',(0.,0.,-1.));
#2131=DIRECTION('',(0.,0.,-1.));
#2132=DIRECTION('',(2.64338815386942E-16,-1.,0.));
#2133=DIRECTION('',(0.,0.,-1.));
#2134=DIRECTION('',(0.,-1.,0.));
#2135=DIRECTION('',(0.,0.,-1.));
#2136=DIRECTION('',(-1.,0.,0.));
#2137=DIRECTION('',(-1.,0.,0.));
#2138=DIRECTION('',(0.,0.,-1.));
#2139=DIRECTION('',(-1.,0.,0.));
#2140=DIRECTION('',(0.,0.,-1.));
#2141=DIRECTION('',(-1.,0.,0.));
#2142=DIRECTION('',(0.,0.,-1.));
#2143=DIRECTION('',(-1.,0.,0.));
#2144=DIRECTION('',(0.,0.,-1.));
#2145=DIRECTION('',(-1.,0.,0.));
#2146=DIRECTION('',(0.,0.,-1.));
#2147=DIRECTION('',(-1.,0.,0.));
#2148=DIRECTION('',(0.,0.,-1.));
#2149=DIRECTION('',(0.,0.,1.));
#2150=DIRECTION('',(1.,0.,0.));
#2151=DIRECTION('',(0.,0.,-1.));
#2152=DIRECTION('',(-1.,0.,0.));
#2153=DIRECTION('',(0.,0.,-1.));
#2154=DIRECTION('',(-1.,0.,0.));
#2155=DIRECTION('',(0.,0.,1.));
#2156=DIRECTION('',(1.,0.,0.));
#2157=DIRECTION('',(0.,0.,1.));
#2158=DIRECTION('',(1.,0.,0.));
#2159=DIRECTION('',(0.,0.,1.));
#2160=DIRECTION('',(1.,0.,0.));
#2161=DIRECTION('',(0.,0.,1.));
#2162=DIRECTION('',(1.,0.,0.));
#2163=DIRECTION('',(0.,0.,1.));
#2164=DIRECTION('',(1.,0.,0.));
#2165=DIRECTION('',(0.,0.,1.));
#2166=DIRECTION('',(1.,0.,0.));
#2167=DIRECTION('',(0.,0.,1.));
#2168=DIRECTION('',(1.,0.,0.));
#2169=DIRECTION('',(0.,0.,1.));
#2170=DIRECTION('',(1.,0.,0.));
#2171=DIRECTION('',(0.,0.,1.));
#2172=DIRECTION('',(1.,0.,0.));
#2173=DIRECTION('',(0.,0.,1.));
#2174=DIRECTION('',(1.,0.,0.));
#2175=DIRECTION('',(0.,0.,1.));
#2176=DIRECTION('',(1.,0.,0.));
#2177=DIRECTION('',(0.,1.,0.));
#2178=DIRECTION('',(0.,0.,1.));
#2179=DIRECTION('',(0.,-1.,0.));
#2180=DIRECTION('',(0.,0.,-1.));
#2181=DIRECTION('',(0.,0.,-1.));
#2182=DIRECTION('',(1.,0.,0.));
#2183=DIRECTION('',(-1.,0.,0.));
#2184=DIRECTION('',(0.,0.,1.));
#2185=DIRECTION('',(0.,0.,-1.));
#2186=DIRECTION('',(0.,1.,0.));
#2187=DIRECTION('',(0.,1.,0.));
#2188=DIRECTION('',(0.,0.,1.));
#2189=DIRECTION('',(0.,1.,0.));
#2190=DIRECTION('',(0.,0.,1.));
#2191=DIRECTION('',(1.,0.,0.));
#2192=DIRECTION('',(0.,0.,1.));
#2193=DIRECTION('',(1.,0.,0.));
#2194=DIRECTION('',(-1.,0.,0.));
#2195=DIRECTION('',(0.,0.,1.));
#2196=DIRECTION('',(0.,0.,-1.));
#2197=DIRECTION('',(0.,1.,0.));
#2198=DIRECTION('',(0.,0.,-1.));
#2199=DIRECTION('',(0.,1.,0.));
#2200=DIRECTION('',(0.,0.,1.));
#2201=DIRECTION('',(0.,-1.,0.));
#2202=DIRECTION('',(0.,0.,-1.));
#2203=DIRECTION('',(0.,0.,-1.));
#2204=DIRECTION('',(1.,0.,0.));
#2205=DIRECTION('',(0.,1.,0.));
#2206=DIRECTION('',(0.,0.,1.));
#2207=DIRECTION('',(0.,1.,0.));
#2208=DIRECTION('',(0.,0.,1.));
#2209=DIRECTION('',(1.,0.,0.));
#2210=DIRECTION('',(0.,0.,-1.));
#2211=DIRECTION('',(0.,0.,1.));
#2212=DIRECTION('',(1.,0.,0.));
#2213=DIRECTION('',(-2.56996070515082E-16,1.,0.));
#2214=DIRECTION('',(-2.56996070515082E-16,1.,0.));
#2215=DIRECTION('',(1.,0.,0.));
#2216=DIRECTION('',(-2.56996070515082E-16,1.,0.));
#2217=DIRECTION('',(1.,0.,0.));
#2218=DIRECTION('',(0.,1.,0.));
#2219=DIRECTION('',(1.,0.,0.));
#2220=DIRECTION('',(-2.56996070515082E-16,1.,0.));
#2221=DIRECTION('',(0.,1.,0.));
#2222=DIRECTION('',(0.,0.,1.));
#2223=DIRECTION('',(0.,1.,0.));
#2224=DIRECTION('',(0.,0.,1.));
#2225=DIRECTION('',(0.,0.,-1.));
#2226=DIRECTION('',(1.,0.,0.));
#2227=DIRECTION('',(-1.,-3.46944695195361E-15,0.));
#2228=DIRECTION('',(3.46944695195361E-15,-1.,0.));
#2229=DIRECTION('',(0.,0.,-1.));
#2230=DIRECTION('',(-3.46944695195361E-15,1.,0.));
#2231=DIRECTION('',(0.,1.,0.));
#2232=DIRECTION('',(0.,0.,1.));
#2233=DIRECTION('',(0.,1.,0.));
#2234=DIRECTION('',(0.,0.,1.));
#2235=DIRECTION('',(1.,0.,0.));
#2236=DIRECTION('',(0.,0.,1.));
#2237=DIRECTION('',(1.,0.,0.));
#2238=DIRECTION('',(-1.,0.,0.));
#2239=DIRECTION('',(0.,0.,1.));
#2240=DIRECTION('',(0.,0.,-1.));
#2241=DIRECTION('',(0.,0.,-1.));
#2242=DIRECTION('',(0.,1.,0.));
#2243=DIRECTION('',(0.,0.,1.));
#2244=DIRECTION('',(0.,1.,0.));
#2245=DIRECTION('',(0.,0.,1.));
#2246=DIRECTION('',(0.,0.,-1.));
#2247=DIRECTION('',(0.,1.,0.));
#2248=DIRECTION('',(0.,0.,1.));
#2249=DIRECTION('',(0.,1.,0.));
#2250=DIRECTION('',(0.,0.,1.));
#2251=DIRECTION('',(0.,0.,-1.));
#2252=DIRECTION('',(-1.,-2.56996070515082E-16,0.));
#2253=DIRECTION('',(2.56996070515082E-16,-1.,0.));
#2254=DIRECTION('',(-1.,-2.56996070515082E-16,0.));
#2255=DIRECTION('',(2.56996070515082E-16,-1.,0.));
#2256=DIRECTION('',(0.,0.,-1.));
#2257=DIRECTION('',(-1.,-2.56996070515082E-16,0.));
#2258=DIRECTION('',(2.56996070515082E-16,-1.,0.));
#2259=DIRECTION('',(-1.,-2.56996070515082E-16,0.));
#2260=DIRECTION('',(2.56996070515082E-16,-1.,0.));
#2261=DIRECTION('',(-2.56996070515082E-16,1.,0.));
#2262=DIRECTION('',(0.,0.,-1.));
#2263=DIRECTION('',(0.,1.,0.));
#2264=DIRECTION('',(0.,0.,1.));
#2265=DIRECTION('',(1.,0.,0.));
#2266=DIRECTION('',(0.,0.,-1.));
#2267=DIRECTION('',(1.,0.,0.));
#2268=DIRECTION('',(0.,0.,-1.));
#2269=DIRECTION('',(-1.,-2.56996070515082E-16,0.));
#2270=DIRECTION('',(2.56996070515082E-16,-1.,0.));
#2271=DIRECTION('',(-2.56996070515082E-16,1.,0.));
#2272=DIRECTION('',(-2.56996070515082E-16,1.,0.));
#2273=DIRECTION('',(-1.,-2.56996070515082E-16,0.));
#2274=DIRECTION('',(2.56996070515082E-16,-1.,0.));
#2275=DIRECTION('',(-2.56996070515082E-16,1.,0.));
#2276=DIRECTION('',(0.,0.,1.));
#2277=DIRECTION('',(1.,0.,0.));
#2278=DIRECTION('',(0.,0.,1.));
#2279=DIRECTION('',(1.,0.,0.));
#2280=DIRECTION('',(0.,-1.,0.));
#2281=DIRECTION('',(0.,0.,-1.));
#2282=DIRECTION('',(0.,0.,-1.));
#2283=DIRECTION('',(1.,0.,0.));
#2284=DIRECTION('',(0.,0.,-1.));
#2285=DIRECTION('',(1.,0.,0.));
#2286=DIRECTION('',(0.,0.,-1.));
#2287=DIRECTION('',(-1.,0.,0.));
#2288=DIRECTION('',(-1.,-2.56996070515082E-16,0.));
#2289=DIRECTION('',(2.56996070515082E-16,-1.,0.));
#2290=DIRECTION('',(-2.56996070515082E-16,1.,0.));
#2291=DIRECTION('',(-2.56996070515082E-16,1.,0.));
#2292=DIRECTION('',(0.,0.,1.));
#2293=DIRECTION('',(1.,0.,0.));
#2294=DIRECTION('',(-1.,0.,0.));
#2295=DIRECTION('',(0.,0.,1.));
#2296=DIRECTION('',(0.,0.,-1.));
#2297=DIRECTION('',(0.,1.,0.));
#2298=DIRECTION('',(-1.,0.,0.));
#2299=DIRECTION('',(0.,0.,1.));
#2300=DIRECTION('',(0.,1.,0.));
#2301=DIRECTION('',(0.,1.,0.));
#2302=DIRECTION('',(0.,0.,1.));
#2303=DIRECTION('',(1.,0.,0.));
#2304=DIRECTION('',(-1.,0.,0.));
#2305=DIRECTION('',(0.,1.,0.));
#2306=DIRECTION('',(-1.,0.,0.));
#2307=DIRECTION('',(-1.,0.,0.));
#2308=DIRECTION('',(0.,1.,0.));
#2309=DIRECTION('',(-1.,0.,0.));
#2310=DIRECTION('',(0.,0.,1.));
#2311=DIRECTION('',(1.,0.,0.));
#2312=DIRECTION('',(-1.,0.,0.));
#2313=DIRECTION('',(0.,0.,1.));
#2314=DIRECTION('',(0.,0.,-1.));
#2315=DIRECTION('',(0.,1.,0.));
#2316=DIRECTION('',(0.,0.,-1.));
#2317=DIRECTION('',(0.,1.,0.));
#2318=DIRECTION('',(0.,0.,1.));
#2319=DIRECTION('',(0.,-1.,0.));
#2320=DIRECTION('',(0.,0.,-1.));
#2321=DIRECTION('',(0.,0.,-1.));
#2322=DIRECTION('',(1.,0.,0.));
#2323=DIRECTION('',(-1.,0.,0.));
#2324=DIRECTION('',(0.,0.,1.));
#2325=DIRECTION('',(0.,0.,-1.));
#2326=DIRECTION('',(0.,1.,0.));
#2327=DIRECTION('',(0.,1.,0.));
#2328=DIRECTION('',(0.,0.,1.));
#2329=DIRECTION('',(0.,1.,0.));
#2330=DIRECTION('',(0.,0.,1.));
#2331=DIRECTION('',(1.,0.,0.));
#2332=DIRECTION('',(0.,0.,1.));
#2333=DIRECTION('',(1.,0.,0.));
#2334=DIRECTION('',(0.,-1.,0.));
#2335=DIRECTION('',(0.,0.,-1.));
#2336=DIRECTION('',(0.,-1.,0.));
#2337=DIRECTION('',(0.,0.,-1.));
#2338=DIRECTION('',(0.,0.,-1.));
#2339=DIRECTION('',(0.,-1.,0.));
#2340=DIRECTION('',(0.,0.,-1.));
#2341=DIRECTION('',(0.,-1.,0.));
#2342=DIRECTION('',(0.,0.,-1.));
#2343=DIRECTION('',(0.,0.,-1.));
#2344=DIRECTION('',(-1.,0.,0.));
#2345=DIRECTION('',(0.,0.,1.));
#2346=DIRECTION('',(0.,-1.,0.));
#2347=DIRECTION('',(0.,0.,-1.));
#2348=DIRECTION('',(0.,-1.,0.));
#2349=DIRECTION('',(0.,0.,-1.));
#2350=DIRECTION('',(0.,0.,-1.));
#2351=DIRECTION('',(0.,-1.,0.));
#2352=DIRECTION('',(0.,0.,-1.));
#2353=DIRECTION('',(0.,-1.,0.));
#2354=DIRECTION('',(0.,0.,-1.));
#2355=DIRECTION('',(0.,0.,-1.));
#2356=DIRECTION('',(-1.,0.,0.));
#2357=DIRECTION('',(0.,0.,1.));
#2358=DIRECTION('',(0.,-1.,0.));
#2359=DIRECTION('',(0.,0.,-1.));
#2360=DIRECTION('',(0.,-1.,0.));
#2361=DIRECTION('',(0.,0.,-1.));
#2362=DIRECTION('',(0.,0.,-1.));
#2363=DIRECTION('',(-1.,0.,0.));
#2364=DIRECTION('',(0.,0.,-1.));
#2365=DIRECTION('',(-1.,0.,0.));
#2366=DIRECTION('',(0.,0.,1.));
#2367=DIRECTION('',(0.,0.,-1.));
#2368=DIRECTION('',(0.,1.,0.));
#2369=DIRECTION('',(0.,-1.,0.));
#2370=DIRECTION('',(0.,0.,-1.));
#2371=DIRECTION('',(0.,-1.,0.));
#2372=DIRECTION('',(0.,0.,-1.));
#2373=DIRECTION('',(0.,0.,-1.));
#2374=DIRECTION('',(-1.,0.,0.));
#2375=DIRECTION('',(-1.,0.,0.));
#2376=DIRECTION('',(0.,0.,1.));
#2377=DIRECTION('',(0.,1.,0.));
#2378=DIRECTION('',(0.,0.,1.));
#2379=DIRECTION('',(1.,0.,0.));
#2380=DIRECTION('',(0.,-1.,0.));
#2381=DIRECTION('',(0.,0.,-1.));
#2382=DIRECTION('',(0.,-1.,0.));
#2383=DIRECTION('',(0.,0.,-1.));
#2384=DIRECTION('',(0.,-1.,0.));
#2385=DIRECTION('',(0.,0.,-1.));
#2386=DIRECTION('',(0.,-1.,0.));
#2387=DIRECTION('',(0.,0.,-1.));
#2388=DIRECTION('',(0.,-1.,0.));
#2389=DIRECTION('',(0.,0.,-1.));
#2390=DIRECTION('',(0.,-1.,0.));
#2391=DIRECTION('',(0.,0.,-1.));
#2392=DIRECTION('',(0.,-1.,0.));
#2393=DIRECTION('',(0.,0.,-1.));
#2394=DIRECTION('',(0.,-1.,0.));
#2395=DIRECTION('',(0.,0.,-1.));
#2396=DIRECTION('',(0.,1.,0.));
#2397=DIRECTION('',(0.,0.,1.));
#2398=DIRECTION('',(0.,0.,-1.));
#2399=DIRECTION('',(1.,0.,0.));
#2400=DIRECTION('',(0.,0.,-1.));
#2401=DIRECTION('',(-1.,0.,0.));
#2402=DIRECTION('',(0.,0.,1.));
#2403=DIRECTION('',(0.,0.,-1.));
#2404=DIRECTION('',(0.,-1.,0.));
#2405=DIRECTION('',(0.,0.,-1.));
#2406=DIRECTION('',(0.,-1.,0.));
#2407=DIRECTION('',(0.,1.,0.));
#2408=DIRECTION('',(0.,0.,1.));
#2409=DIRECTION('',(0.,0.,-1.));
#2410=DIRECTION('',(1.,0.,0.));
#2411=DIRECTION('',(1.,1.34735803959364E-16,0.));
#2412=DIRECTION('',(-1.34735803959364E-16,1.,0.));
#2413=DIRECTION('',(0.,0.,-1.));
#2414=DIRECTION('',(1.34735803959364E-16,-1.,0.));
#2415=DIRECTION('',(1.34735803959364E-16,-1.,0.));
#2416=DIRECTION('',(-1.15009291224982E-16,1.,0.));
#2417=DIRECTION('',(-1.,-1.15009291224982E-16,0.));
#2418=DIRECTION('',(0.,0.,-1.));
#2419=DIRECTION('',(1.,1.15009291224982E-16,0.));
#2420=DIRECTION('',(1.,0.,0.));
#2421=DIRECTION('',(0.,0.,-1.));
#2422=DIRECTION('',(0.,0.,-1.));
#2423=DIRECTION('',(0.,1.,0.));
#2424=DIRECTION('',(0.,0.,-1.));
#2425=DIRECTION('',(0.,1.,0.));
#2426=DIRECTION('',(0.,1.,0.));
#2427=DIRECTION('',(0.,0.,1.));
#2428=DIRECTION('',(0.,0.,-1.));
#2429=DIRECTION('',(1.,0.,0.));
#2430=DIRECTION('',(1.,0.,0.));
#2431=DIRECTION('',(0.,0.,-1.));
#2432=DIRECTION('',(0.,-1.,0.));
#2433=DIRECTION('',(0.,0.,-1.));
#2434=DIRECTION('',(0.,0.,-1.));
#2435=DIRECTION('',(0.,-1.,0.));
#2436=DIRECTION('',(0.,0.,1.));
#2437=DIRECTION('',(1.,0.,0.));
#2438=DIRECTION('',(0.,0.,1.));
#2439=DIRECTION('',(1.,0.,0.));
#2440=DIRECTION('',(0.,0.,1.));
#2441=DIRECTION('',(1.,0.,0.));
#2442=DIRECTION('',(0.,0.,1.));
#2443=DIRECTION('',(1.,0.,0.));
#2444=DIRECTION('',(0.,0.,1.));
#2445=DIRECTION('',(1.,0.,0.));
#2446=DIRECTION('',(0.,0.,1.));
#2447=DIRECTION('',(1.,0.,0.));
#2448=DIRECTION('',(0.,0.,1.));
#2449=DIRECTION('',(1.,0.,0.));
#2450=DIRECTION('',(0.,0.,1.));
#2451=DIRECTION('',(1.,0.,0.));
#2452=DIRECTION('',(0.,0.,1.));
#2453=DIRECTION('',(1.,0.,0.));
#2454=DIRECTION('',(0.,0.,1.));
#2455=DIRECTION('',(1.,0.,0.));
#2456=DIRECTION('',(0.,0.,1.));
#2457=DIRECTION('',(1.,0.,0.));
#2458=DIRECTION('',(1.,0.,0.));
#2459=DIRECTION('',(0.,1.,0.));
#2460=DIRECTION('',(0.,0.,1.));
#2461=DIRECTION('',(1.,0.,0.));
#2462=DIRECTION('',(0.,0.,1.));
#2463=DIRECTION('',(1.,0.,0.));
#2464=DIRECTION('',(0.,0.,1.));
#2465=DIRECTION('',(1.,0.,0.));
#2466=DIRECTION('',(1.,0.,0.));
#2467=DIRECTION('',(0.,1.,0.));
#2468=DIRECTION('',(0.,0.,1.));
#2469=DIRECTION('',(1.,0.,0.));
#2470=DIRECTION('',(0.,0.,1.));
#2471=DIRECTION('',(1.,0.,0.));
#2472=DIRECTION('',(0.,0.,1.));
#2473=DIRECTION('',(1.,0.,0.));
#2474=DIRECTION('',(0.,0.,-1.));
#2475=DIRECTION('',(1.,0.,0.));
#2476=DIRECTION('',(0.,0.,-1.));
#2477=DIRECTION('',(-1.,0.,0.));
#2478=DIRECTION('',(0.,0.,-1.));
#2479=DIRECTION('',(-1.,0.,0.));
#2480=DIRECTION('',(0.,0.,-1.));
#2481=DIRECTION('',(1.,0.,0.));
#2482=DIRECTION('',(0.,0.,-1.));
#2483=DIRECTION('',(-1.,0.,0.));
#2484=DIRECTION('',(0.,0.,-1.));
#2485=DIRECTION('',(-1.,0.,0.));
#2486=CARTESIAN_POINT('',(0.,0.,0.));
#2487=CARTESIAN_POINT('',(-0.0485,-0.075,-0.001));
#2488=CARTESIAN_POINT('',(-0.0485,-0.075,0.009));
#2489=CARTESIAN_POINT('',(-0.0455,-0.075,0.009));
#2490=CARTESIAN_POINT('',(-0.0485,-0.075,0.003));
#2491=CARTESIAN_POINT('',(-0.0515,-0.075,0.003));
#2492=CARTESIAN_POINT('',(0.1005,-0.075,-0.001));
#2493=CARTESIAN_POINT('',(0.1005,-0.075,0.009));
#2494=CARTESIAN_POINT('',(0.1035,-0.075,0.009));
#2495=CARTESIAN_POINT('',(0.1005,-0.075,0.003));
#2496=CARTESIAN_POINT('',(0.0975,-0.075,0.003));
#2497=CARTESIAN_POINT('',(-2.77555756156289E-17,-1.38777878078145E-17,0.0105));
#2498=CARTESIAN_POINT('',(0.02225,0.097,0.0105));
#2499=CARTESIAN_POINT('',(0.0655,0.097,0.0105));
#2500=CARTESIAN_POINT('',(0.0695,0.097,0.0105));
#2501=CARTESIAN_POINT('',(0.0655,0.0465,0.0105));
#2502=CARTESIAN_POINT('',(0.0655,-0.004,0.0105));
#2503=CARTESIAN_POINT('',(0.02225,-0.004,0.0105));
#2504=CARTESIAN_POINT('',(0.0695,-0.004,0.0105));
#2505=CARTESIAN_POINT('',(0.0695,0.0485,0.0105));
#2506=CARTESIAN_POINT('',(0.076,-0.078,0.011));
#2507=CARTESIAN_POINT('',(0.076,-0.078,0.011));
#2508=CARTESIAN_POINT('',(0.076,-0.078,0.011));
#2509=CARTESIAN_POINT('',(0.076,-0.076,0.011));
#2510=CARTESIAN_POINT('',(0.076,-0.076,0.011));
#2511=CARTESIAN_POINT('',(0.076,-0.076,0.004));
#2512=CARTESIAN_POINT('',(0.076,-0.078,0.004));
#2513=CARTESIAN_POINT('',(0.076,-0.078,0.004));
#2514=CARTESIAN_POINT('',(0.076,-0.078,0.011));
#2515=CARTESIAN_POINT('',(-2.77555756156289E-17,0.,0.004));
#2516=CARTESIAN_POINT('',(-0.029,0.085,0.004));
#2517=CARTESIAN_POINT('',(-0.027,0.085,0.004));
#2518=CARTESIAN_POINT('',(-0.095,-0.025,0.004));
#2519=CARTESIAN_POINT('',(-0.092,-0.025,0.004));
#2520=CARTESIAN_POINT('',(-0.075,0.025,0.004));
#2521=CARTESIAN_POINT('',(-0.072,0.025,0.004));
#2522=CARTESIAN_POINT('',(-0.065,-0.025,0.004));
#2523=CARTESIAN_POINT('',(-0.062,-0.025,0.004));
#2524=CARTESIAN_POINT('',(0.035,-0.035,0.004));
#2525=CARTESIAN_POINT('',(0.038,-0.035,0.004));
#2526=CARTESIAN_POINT('',(0.065,-0.035,0.004));
#2527=CARTESIAN_POINT('',(0.068,-0.035,0.004));
#2528=CARTESIAN_POINT('',(-0.075,0.065,0.004));
#2529=CARTESIAN_POINT('',(-0.072,0.065,0.004));
#2530=CARTESIAN_POINT('',(0.012,-0.059,0.004));
#2531=CARTESIAN_POINT('',(0.01325,-0.059,0.004));
#2532=CARTESIAN_POINT('',(0.012,-0.095,0.004));
#2533=CARTESIAN_POINT('',(0.01325,-0.095,0.004));
#2534=CARTESIAN_POINT('',(-0.012,-0.095,0.004));
#2535=CARTESIAN_POINT('',(-0.01075,-0.095,0.004));
#2536=CARTESIAN_POINT('',(-0.012,-0.059,0.004));
#2537=CARTESIAN_POINT('',(-0.01075,-0.059,0.004));
#2538=CARTESIAN_POINT('',(0.02025,0.102,0.004));
#2539=CARTESIAN_POINT('',(-0.025,0.102,0.004));
#2540=CARTESIAN_POINT('',(0.0695,0.102,0.004));
#2541=CARTESIAN_POINT('',(0.0695,0.0485,0.004));
#2542=CARTESIAN_POINT('',(0.0695,-0.009,0.004));
#2543=CARTESIAN_POINT('',(0.02225,-0.009,0.004));
#2544=CARTESIAN_POINT('',(-0.025,-0.009,0.004));
#2545=CARTESIAN_POINT('',(-0.025,-0.007,0.004));
#2546=CARTESIAN_POINT('',(-0.025,-0.005,0.004));
#2547=CARTESIAN_POINT('',(0.02025,-0.005,0.004));
#2548=CARTESIAN_POINT('',(0.0655,-0.005,0.004));
#2549=CARTESIAN_POINT('',(0.0655,0.0465,0.004));
#2550=CARTESIAN_POINT('',(0.0655,0.098,0.004));
#2551=CARTESIAN_POINT('',(0.02025,0.098,0.004));
#2552=CARTESIAN_POINT('',(-0.025,0.098,0.004));
#2553=CARTESIAN_POINT('',(-0.025,0.1,0.004));
#2554=CARTESIAN_POINT('',(0.0275,-0.076,0.004));
#2555=CARTESIAN_POINT('',(0.031,-0.076,0.004));
#2556=CARTESIAN_POINT('',(0.024,-0.076,0.004));
#2557=CARTESIAN_POINT('',(0.024,-0.074,0.004));
#2558=CARTESIAN_POINT('',(0.024,-0.072,0.004));
#2559=CARTESIAN_POINT('',(0.0275,-0.072,0.004));
#2560=CARTESIAN_POINT('',(0.031,-0.072,0.004));
#2561=CARTESIAN_POINT('',(0.031,-0.074,0.004));
#2562=CARTESIAN_POINT('',(0.024,-0.08,0.004));
#2563=CARTESIAN_POINT('',(0.024,-0.082,0.004));
#2564=CARTESIAN_POINT('',(0.024,-0.078,0.004));
#2565=CARTESIAN_POINT('',(0.0275,-0.078,0.004));
#2566=CARTESIAN_POINT('',(0.031,-0.078,0.004));
#2567=CARTESIAN_POINT('',(0.031,-0.08,0.004));
#2568=CARTESIAN_POINT('',(0.031,-0.082,0.004));
#2569=CARTESIAN_POINT('',(0.0275,-0.082,0.004));
#2570=CARTESIAN_POINT('',(0.0725,-0.076,0.004));
#2571=CARTESIAN_POINT('',(0.069,-0.076,0.004));
#2572=CARTESIAN_POINT('',(0.069,-0.074,0.004));
#2573=CARTESIAN_POINT('',(0.069,-0.072,0.004));
#2574=CARTESIAN_POINT('',(0.0725,-0.072,0.004));
#2575=CARTESIAN_POINT('',(0.076,-0.072,0.004));
#2576=CARTESIAN_POINT('',(0.076,-0.078,0.004));
#2577=CARTESIAN_POINT('',(0.076,-0.051,0.004));
#2578=CARTESIAN_POINT('',(0.124,-0.051,0.004));
#2579=CARTESIAN_POINT('',(0.125,-0.051,0.004));
#2580=CARTESIAN_POINT('',(0.125,-1.38777878078145E-17,0.004));
#2581=CARTESIAN_POINT('',(0.125,0.105,0.004));
#2582=CARTESIAN_POINT('',(-3.46944695195361E-17,0.105,0.004));
#2583=CARTESIAN_POINT('',(-0.125,0.105,0.004));
#2584=CARTESIAN_POINT('',(-0.125,-1.38777878078145E-17,0.004));
#2585=CARTESIAN_POINT('',(-0.125,-0.072,0.004));
#2586=CARTESIAN_POINT('',(-0.1215,-0.072,0.004));
#2587=CARTESIAN_POINT('',(-0.118,-0.072,0.004));
#2588=CARTESIAN_POINT('',(-0.118,-0.074,0.004));
#2589=CARTESIAN_POINT('',(-0.118,-0.076,0.004));
#2590=CARTESIAN_POINT('',(-0.1215,-0.076,0.004));
#2591=CARTESIAN_POINT('',(-0.125,-0.076,0.004));
#2592=CARTESIAN_POINT('',(-0.125,-1.38777878078145E-17,0.004));
#2593=CARTESIAN_POINT('',(-0.125,-0.078,0.004));
#2594=CARTESIAN_POINT('',(-0.1215,-0.078,0.004));
#2595=CARTESIAN_POINT('',(-0.118,-0.078,0.004));
#2596=CARTESIAN_POINT('',(-0.118,-0.08,0.004));
#2597=CARTESIAN_POINT('',(-0.118,-0.082,0.004));
#2598=CARTESIAN_POINT('',(-0.1215,-0.082,0.004));
#2599=CARTESIAN_POINT('',(-0.125,-0.082,0.004));
#2600=CARTESIAN_POINT('',(-0.125,-1.38777878078145E-17,0.004));
#2601=CARTESIAN_POINT('',(-0.125,-0.105,0.004));
#2602=CARTESIAN_POINT('',(2.77555756156289E-17,-0.105,0.004));
#2603=CARTESIAN_POINT('',(-0.073,-0.105,0.004));
#2604=CARTESIAN_POINT('',(-0.073,-0.078,0.004));
#2605=CARTESIAN_POINT('',(-0.073,-0.082,0.004));
#2606=CARTESIAN_POINT('',(-0.0765,-0.082,0.004));
#2607=CARTESIAN_POINT('',(-0.08,-0.082,0.004));
#2608=CARTESIAN_POINT('',(-0.08,-0.08,0.004));
#2609=CARTESIAN_POINT('',(-0.08,-0.078,0.004));
#2610=CARTESIAN_POINT('',(-0.0765,-0.078,0.004));
#2611=CARTESIAN_POINT('',(-0.073,-0.078,0.004));
#2612=CARTESIAN_POINT('',(-0.073,-0.078,0.004));
#2613=CARTESIAN_POINT('',(-0.073,-0.076,0.004));
#2614=CARTESIAN_POINT('',(-0.0765,-0.076,0.004));
#2615=CARTESIAN_POINT('',(-0.08,-0.076,0.004));
#2616=CARTESIAN_POINT('',(-0.08,-0.074,0.004));
#2617=CARTESIAN_POINT('',(-0.08,-0.072,0.004));
#2618=CARTESIAN_POINT('',(-0.0765,-0.072,0.004));
#2619=CARTESIAN_POINT('',(-0.073,-0.072,0.004));
#2620=CARTESIAN_POINT('',(-0.073,-0.078,0.004));
#2621=CARTESIAN_POINT('',(-0.073,-0.051,0.004));
#2622=CARTESIAN_POINT('',(-0.072,-0.051,0.004));
#2623=CARTESIAN_POINT('',(-0.024,-0.051,0.004));
#2624=CARTESIAN_POINT('',(-0.024,-0.078,0.004));
#2625=CARTESIAN_POINT('',(-0.024,-0.105,0.004));
#2626=CARTESIAN_POINT('',(2.77555756156289E-17,-0.105,0.004));
#2627=CARTESIAN_POINT('',(0.076,-0.105,0.004));
#2628=CARTESIAN_POINT('',(0.076,-0.078,0.004));
#2629=CARTESIAN_POINT('',(0.076,-0.082,0.004));
#2630=CARTESIAN_POINT('',(0.0725,-0.082,0.004));
#2631=CARTESIAN_POINT('',(0.069,-0.082,0.004));
#2632=CARTESIAN_POINT('',(0.069,-0.08,0.004));
#2633=CARTESIAN_POINT('',(0.069,-0.078,0.004));
#2634=CARTESIAN_POINT('',(0.0725,-0.078,0.004));
#2635=CARTESIAN_POINT('',(0.076,-0.078,0.011));
#2636=CARTESIAN_POINT('',(0.076,-0.078,0.011));
#2637=CARTESIAN_POINT('',(0.076,-0.105,0.011));
#2638=CARTESIAN_POINT('',(0.076,-0.082,0.011));
#2639=CARTESIAN_POINT('',(0.076,-0.082,0.011));
#2640=CARTESIAN_POINT('',(0.076,-0.105,0.011));
#2641=CARTESIAN_POINT('',(0.125,-1.38777878078145E-17,0.004));
#2642=CARTESIAN_POINT('',(0.125,-1.38777878078145E-17,0.));
#2643=CARTESIAN_POINT('',(0.125,0.105,0.));
#2644=CARTESIAN_POINT('',(0.125,-0.105,0.));
#2645=CARTESIAN_POINT('',(0.125,0.105,0.004));
#2646=CARTESIAN_POINT('',(0.125,-0.051,0.011));
#2647=CARTESIAN_POINT('',(0.125,-0.051,0.011));
#2648=CARTESIAN_POINT('',(0.125,-1.38777878078145E-17,0.011));
#2649=CARTESIAN_POINT('',(0.125,-0.105,0.011));
#2650=CARTESIAN_POINT('',(0.125,-0.105,0.004));
#2651=CARTESIAN_POINT('',(-3.46944695195361E-17,0.105,0.004));
#2652=CARTESIAN_POINT('',(-3.46944695195361E-17,0.105,0.));
#2653=CARTESIAN_POINT('',(-0.125,0.105,0.));
#2654=CARTESIAN_POINT('',(-0.125,0.105,0.004));
#2655=CARTESIAN_POINT('',(-0.125,-1.38777878078145E-17,0.004));
#2656=CARTESIAN_POINT('',(-0.125,-1.38777878078145E-17,0.));
#2657=CARTESIAN_POINT('',(-0.125,-0.105,0.));
#2658=CARTESIAN_POINT('',(-0.125,-0.105,0.004));
#2659=CARTESIAN_POINT('',(-0.125,-0.082,0.011));
#2660=CARTESIAN_POINT('',(-0.125,-0.082,0.011));
#2661=CARTESIAN_POINT('',(-0.125,-1.38777878078145E-17,0.011));
#2662=CARTESIAN_POINT('',(-0.125,-0.078,0.011));
#2663=CARTESIAN_POINT('',(-0.125,-0.078,0.011));
#2664=CARTESIAN_POINT('',(-0.125,-0.076,0.011));
#2665=CARTESIAN_POINT('',(-0.125,-0.076,0.011));
#2666=CARTESIAN_POINT('',(-0.125,-1.38777878078145E-17,0.011));
#2667=CARTESIAN_POINT('',(-0.125,-0.072,0.011));
#2668=CARTESIAN_POINT('',(-0.125,-0.072,0.011));
#2669=CARTESIAN_POINT('',(2.77555756156289E-17,-0.105,0.004));
#2670=CARTESIAN_POINT('',(2.77555756156289E-17,-0.105,0.));
#2671=CARTESIAN_POINT('',(2.77555756156289E-17,-0.105,0.011));
#2672=CARTESIAN_POINT('',(0.123,-0.105,0.011));
#2673=CARTESIAN_POINT('',(0.123,-0.105,0.011));
#2674=CARTESIAN_POINT('',(0.123,-0.105,0.009));
#2675=CARTESIAN_POINT('',(2.77555756156289E-17,-0.105,0.009));
#2676=CARTESIAN_POINT('',(0.078,-0.105,0.009));
#2677=CARTESIAN_POINT('',(0.078,-0.105,0.011));
#2678=CARTESIAN_POINT('',(0.078,-0.105,0.011));
#2679=CARTESIAN_POINT('',(2.77555756156289E-17,-0.105,0.011));
#2680=CARTESIAN_POINT('',(-0.024,-0.105,0.011));
#2681=CARTESIAN_POINT('',(-0.024,-0.105,0.011));
#2682=CARTESIAN_POINT('',(2.77555756156289E-17,-0.105,0.011));
#2683=CARTESIAN_POINT('',(-0.026,-0.105,0.011));
#2684=CARTESIAN_POINT('',(-0.026,-0.105,0.011));
#2685=CARTESIAN_POINT('',(-0.026,-0.105,0.009));
#2686=CARTESIAN_POINT('',(2.77555756156289E-17,-0.105,0.009));
#2687=CARTESIAN_POINT('',(-0.071,-0.105,0.009));
#2688=CARTESIAN_POINT('',(-0.071,-0.105,0.011));
#2689=CARTESIAN_POINT('',(-0.071,-0.105,0.011));
#2690=CARTESIAN_POINT('',(2.77555756156289E-17,-0.105,0.011));
#2691=CARTESIAN_POINT('',(-0.073,-0.105,0.011));
#2692=CARTESIAN_POINT('',(-0.073,-0.105,0.011));
#2693=CARTESIAN_POINT('',(-2.77555756156289E-17,0.,0.));
#2694=CARTESIAN_POINT('',(-0.0485,-0.075,0.));
#2695=CARTESIAN_POINT('',(-0.055,-0.075,0.));
#2696=CARTESIAN_POINT('',(0.1005,-0.075,0.));
#2697=CARTESIAN_POINT('',(0.094,-0.075,0.));
#2698=CARTESIAN_POINT('',(-0.029,0.085,0.));
#2699=CARTESIAN_POINT('',(-0.027,0.085,0.));
#2700=CARTESIAN_POINT('',(-0.095,-0.025,0.));
#2701=CARTESIAN_POINT('',(-0.092,-0.025,0.));
#2702=CARTESIAN_POINT('',(-0.075,0.025,0.));
#2703=CARTESIAN_POINT('',(-0.072,0.025,0.));
#2704=CARTESIAN_POINT('',(-0.065,-0.025,0.));
#2705=CARTESIAN_POINT('',(-0.062,-0.025,0.));
#2706=CARTESIAN_POINT('',(0.035,-0.035,0.));
#2707=CARTESIAN_POINT('',(0.038,-0.035,0.));
#2708=CARTESIAN_POINT('',(0.065,-0.035,0.));
#2709=CARTESIAN_POINT('',(0.068,-0.035,0.));
#2710=CARTESIAN_POINT('',(-0.075,0.065,0.));
#2711=CARTESIAN_POINT('',(-0.072,0.065,0.));
#2712=CARTESIAN_POINT('',(0.012,-0.059,0.));
#2713=CARTESIAN_POINT('',(0.01325,-0.059,0.));
#2714=CARTESIAN_POINT('',(0.012,-0.095,0.));
#2715=CARTESIAN_POINT('',(0.01325,-0.095,0.));
#2716=CARTESIAN_POINT('',(-0.012,-0.095,0.));
#2717=CARTESIAN_POINT('',(-0.01075,-0.095,0.));
#2718=CARTESIAN_POINT('',(-0.012,-0.059,0.));
#2719=CARTESIAN_POINT('',(-0.01075,-0.059,0.));
#2720=CARTESIAN_POINT('',(-0.1215,-0.082,0.011));
#2721=CARTESIAN_POINT('',(-0.1215,-0.082,0.0075));
#2722=CARTESIAN_POINT('',(-0.1215,-0.082,0.00575));
#2723=CARTESIAN_POINT('',(-0.118,-0.082,0.011));
#2724=CARTESIAN_POINT('',(-0.118,-0.082,0.011));
#2725=CARTESIAN_POINT('',(-0.1215,-0.082,0.011));
#2726=CARTESIAN_POINT('',(-0.118,-0.08,0.011));
#2727=CARTESIAN_POINT('',(-0.118,-0.078,0.011));
#2728=CARTESIAN_POINT('',(-0.118,-0.078,0.011));
#2729=CARTESIAN_POINT('',(-0.118,-0.08,0.011));
#2730=CARTESIAN_POINT('',(-0.1215,-0.078,0.011));
#2731=CARTESIAN_POINT('',(-0.1215,-0.078,0.0075));
#2732=CARTESIAN_POINT('',(-0.1215,-0.078,0.00925));
#2733=CARTESIAN_POINT('',(-0.1215,-0.078,0.011));
#2734=CARTESIAN_POINT('',(0.,-1.38777878078145E-17,0.011));
#2735=CARTESIAN_POINT('',(-0.08,-0.08,0.011));
#2736=CARTESIAN_POINT('',(-0.08,-0.082,0.011));
#2737=CARTESIAN_POINT('',(-0.08,-0.082,0.011));
#2738=CARTESIAN_POINT('',(-0.08,-0.08,0.011));
#2739=CARTESIAN_POINT('',(-0.08,-0.078,0.011));
#2740=CARTESIAN_POINT('',(-0.08,-0.078,0.011));
#2741=CARTESIAN_POINT('',(-0.0765,-0.082,0.011));
#2742=CARTESIAN_POINT('',(-0.0765,-0.082,0.0075));
#2743=CARTESIAN_POINT('',(-0.0765,-0.082,0.00575));
#2744=CARTESIAN_POINT('',(-0.073,-0.082,0.011));
#2745=CARTESIAN_POINT('',(-0.073,-0.082,0.011));
#2746=CARTESIAN_POINT('',(-0.0765,-0.082,0.011));
#2747=CARTESIAN_POINT('',(-0.0765,-0.078,0.011));
#2748=CARTESIAN_POINT('',(-0.0765,-0.078,0.0075));
#2749=CARTESIAN_POINT('',(-0.0765,-0.078,0.00925));
#2750=CARTESIAN_POINT('',(-0.0765,-0.078,0.011));
#2751=CARTESIAN_POINT('',(-0.073,-0.078,0.011));
#2752=CARTESIAN_POINT('',(-0.073,-0.078,0.011));
#2753=CARTESIAN_POINT('',(0.,-1.38777878078145E-17,0.011));
#2754=CARTESIAN_POINT('',(-0.073,-0.078,0.011));
#2755=CARTESIAN_POINT('',(-0.071,-0.078,0.011));
#2756=CARTESIAN_POINT('',(-0.071,-0.051,0.011));
#2757=CARTESIAN_POINT('',(-0.072,-0.051,0.011));
#2758=CARTESIAN_POINT('',(-0.073,-0.051,0.011));
#2759=CARTESIAN_POINT('',(-0.073,-0.078,0.011));
#2760=CARTESIAN_POINT('',(-0.073,-0.072,0.011));
#2761=CARTESIAN_POINT('',(-0.0765,-0.072,0.011));
#2762=CARTESIAN_POINT('',(-0.08,-0.072,0.011));
#2763=CARTESIAN_POINT('',(-0.08,-0.074,0.011));
#2764=CARTESIAN_POINT('',(-0.08,-0.076,0.011));
#2765=CARTESIAN_POINT('',(-0.0765,-0.076,0.011));
#2766=CARTESIAN_POINT('',(-0.073,-0.076,0.011));
#2767=CARTESIAN_POINT('',(-0.073,-0.078,0.011));
#2768=CARTESIAN_POINT('',(-0.1215,-0.076,0.011));
#2769=CARTESIAN_POINT('',(-0.1215,-0.076,0.0075));
#2770=CARTESIAN_POINT('',(-0.1215,-0.076,0.00925));
#2771=CARTESIAN_POINT('',(-0.118,-0.076,0.011));
#2772=CARTESIAN_POINT('',(-0.118,-0.076,0.011));
#2773=CARTESIAN_POINT('',(-0.1215,-0.076,0.011));
#2774=CARTESIAN_POINT('',(-0.118,-0.074,0.011));
#2775=CARTESIAN_POINT('',(-0.118,-0.072,0.011));
#2776=CARTESIAN_POINT('',(-0.118,-0.072,0.011));
#2777=CARTESIAN_POINT('',(-0.118,-0.074,0.011));
#2778=CARTESIAN_POINT('',(-0.1215,-0.072,0.011));
#2779=CARTESIAN_POINT('',(-0.1215,-0.072,0.0075));
#2780=CARTESIAN_POINT('',(-0.1215,-0.072,0.00925));
#2781=CARTESIAN_POINT('',(-0.1215,-0.072,0.011));
#2782=CARTESIAN_POINT('',(0.,-1.38777878078145E-17,0.011));
#2783=CARTESIAN_POINT('',(-0.08,-0.074,0.011));
#2784=CARTESIAN_POINT('',(-0.08,-0.076,0.011));
#2785=CARTESIAN_POINT('',(-0.08,-0.072,0.011));
#2786=CARTESIAN_POINT('',(-0.0765,-0.076,0.011));
#2787=CARTESIAN_POINT('',(-0.0765,-0.076,0.0075));
#2788=CARTESIAN_POINT('',(-0.0765,-0.076,0.00925));
#2789=CARTESIAN_POINT('',(-0.073,-0.076,0.011));
#2790=CARTESIAN_POINT('',(-0.0765,-0.072,0.011));
#2791=CARTESIAN_POINT('',(-0.0765,-0.072,0.0075));
#2792=CARTESIAN_POINT('',(-0.0765,-0.072,0.00925));
#2793=CARTESIAN_POINT('',(-0.073,-0.072,0.011));
#2794=CARTESIAN_POINT('',(-0.073,-0.078,0.011));
#2795=CARTESIAN_POINT('',(-0.073,-0.078,0.011));
#2796=CARTESIAN_POINT('',(-0.073,-0.051,0.011));
#2797=CARTESIAN_POINT('',(-0.073,-0.078,0.011));
#2798=CARTESIAN_POINT('',(-0.071,-0.078,0.011));
#2799=CARTESIAN_POINT('',(-0.071,-0.078,0.009));
#2800=CARTESIAN_POINT('',(-0.071,-0.051,0.009));
#2801=CARTESIAN_POINT('',(-0.071,-0.051,0.011));
#2802=CARTESIAN_POINT('',(-0.072,-0.051,0.011));
#2803=CARTESIAN_POINT('',(-0.0485,-0.051,0.009));
#2804=CARTESIAN_POINT('',(-0.026,-0.051,0.009));
#2805=CARTESIAN_POINT('',(-0.026,-0.051,0.011));
#2806=CARTESIAN_POINT('',(-0.026,-0.051,0.011));
#2807=CARTESIAN_POINT('',(-0.025,-0.051,0.011));
#2808=CARTESIAN_POINT('',(-0.024,-0.051,0.011));
#2809=CARTESIAN_POINT('',(-0.024,-0.051,0.011));
#2810=CARTESIAN_POINT('',(-0.026,-0.078,0.011));
#2811=CARTESIAN_POINT('',(-0.026,-0.078,0.009));
#2812=CARTESIAN_POINT('',(-0.026,-0.078,0.011));
#2813=CARTESIAN_POINT('',(-0.024,-0.078,0.011));
#2814=CARTESIAN_POINT('',(-0.024,-0.078,0.011));
#2815=CARTESIAN_POINT('',(0.,-1.38777878078145E-17,0.011));
#2816=CARTESIAN_POINT('',(0.,-1.38777878078145E-17,0.009));
#2817=CARTESIAN_POINT('',(0.124,-0.051,0.011));
#2818=CARTESIAN_POINT('',(0.076,-0.051,0.011));
#2819=CARTESIAN_POINT('',(0.076,-0.051,0.011));
#2820=CARTESIAN_POINT('',(0.077,-0.051,0.011));
#2821=CARTESIAN_POINT('',(0.078,-0.051,0.011));
#2822=CARTESIAN_POINT('',(0.078,-0.051,0.011));
#2823=CARTESIAN_POINT('',(0.078,-0.051,0.009));
#2824=CARTESIAN_POINT('',(0.1005,-0.051,0.009));
#2825=CARTESIAN_POINT('',(0.123,-0.051,0.009));
#2826=CARTESIAN_POINT('',(0.123,-0.051,0.011));
#2827=CARTESIAN_POINT('',(0.123,-0.051,0.011));
#2828=CARTESIAN_POINT('',(0.124,-0.051,0.011));
#2829=CARTESIAN_POINT('',(0.123,-0.078,0.011));
#2830=CARTESIAN_POINT('',(0.123,-0.078,0.009));
#2831=CARTESIAN_POINT('',(0.123,-0.078,0.011));
#2832=CARTESIAN_POINT('',(0.,-1.38777878078145E-17,0.011));
#2833=CARTESIAN_POINT('',(0.076,-0.078,0.011));
#2834=CARTESIAN_POINT('',(0.076,-0.072,0.011));
#2835=CARTESIAN_POINT('',(0.076,-0.072,0.011));
#2836=CARTESIAN_POINT('',(0.076,-0.078,0.011));
#2837=CARTESIAN_POINT('',(0.078,-0.078,0.011));
#2838=CARTESIAN_POINT('',(0.078,-0.078,0.009));
#2839=CARTESIAN_POINT('',(0.078,-0.078,0.011));
#2840=CARTESIAN_POINT('',(-2.77555756156289E-17,-1.38777878078145E-17,0.011));
#2841=CARTESIAN_POINT('',(0.0725,-0.072,0.011));
#2842=CARTESIAN_POINT('',(0.069,-0.072,0.011));
#2843=CARTESIAN_POINT('',(0.069,-0.074,0.011));
#2844=CARTESIAN_POINT('',(0.069,-0.076,0.011));
#2845=CARTESIAN_POINT('',(0.0725,-0.076,0.011));
#2846=CARTESIAN_POINT('',(0.0725,-0.078,0.011));
#2847=CARTESIAN_POINT('',(0.069,-0.078,0.011));
#2848=CARTESIAN_POINT('',(0.069,-0.08,0.011));
#2849=CARTESIAN_POINT('',(0.069,-0.082,0.011));
#2850=CARTESIAN_POINT('',(0.0725,-0.082,0.011));
#2851=CARTESIAN_POINT('',(-2.77555756156289E-17,-1.38777878078145E-17,0.009));
#2852=CARTESIAN_POINT('',(0.024,-0.08,0.011));
#2853=CARTESIAN_POINT('',(0.024,-0.082,0.011));
#2854=CARTESIAN_POINT('',(0.024,-0.082,0.011));
#2855=CARTESIAN_POINT('',(0.024,-0.08,0.011));
#2856=CARTESIAN_POINT('',(0.024,-0.078,0.011));
#2857=CARTESIAN_POINT('',(0.024,-0.078,0.011));
#2858=CARTESIAN_POINT('',(0.0275,-0.082,0.011));
#2859=CARTESIAN_POINT('',(0.0275,-0.082,0.0075));
#2860=CARTESIAN_POINT('',(0.0275,-0.082,0.00575));
#2861=CARTESIAN_POINT('',(0.031,-0.082,0.011));
#2862=CARTESIAN_POINT('',(0.031,-0.082,0.011));
#2863=CARTESIAN_POINT('',(0.0275,-0.082,0.011));
#2864=CARTESIAN_POINT('',(0.031,-0.08,0.011));
#2865=CARTESIAN_POINT('',(0.031,-0.078,0.011));
#2866=CARTESIAN_POINT('',(0.031,-0.078,0.011));
#2867=CARTESIAN_POINT('',(0.031,-0.08,0.011));
#2868=CARTESIAN_POINT('',(0.0275,-0.078,0.011));
#2869=CARTESIAN_POINT('',(0.0275,-0.078,0.0075));
#2870=CARTESIAN_POINT('',(0.0275,-0.078,0.00925));
#2871=CARTESIAN_POINT('',(0.0275,-0.078,0.011));
#2872=CARTESIAN_POINT('',(-2.77555756156289E-17,-1.38777878078145E-17,0.011));
#2873=CARTESIAN_POINT('',(0.0725,-0.082,0.011));
#2874=CARTESIAN_POINT('',(0.0725,-0.082,0.0075));
#2875=CARTESIAN_POINT('',(0.0725,-0.082,0.00575));
#2876=CARTESIAN_POINT('',(0.069,-0.082,0.011));
#2877=CARTESIAN_POINT('',(0.0725,-0.078,0.011));
#2878=CARTESIAN_POINT('',(0.0725,-0.078,0.0075));
#2879=CARTESIAN_POINT('',(0.0725,-0.078,0.00575));
#2880=CARTESIAN_POINT('',(0.069,-0.078,0.011));
#2881=CARTESIAN_POINT('',(0.069,-0.08,0.011));
#2882=CARTESIAN_POINT('',(0.0725,-0.076,0.011));
#2883=CARTESIAN_POINT('',(0.0725,-0.076,0.0075));
#2884=CARTESIAN_POINT('',(0.0725,-0.076,0.00575));
#2885=CARTESIAN_POINT('',(0.069,-0.076,0.011));
#2886=CARTESIAN_POINT('',(0.0725,-0.072,0.011));
#2887=CARTESIAN_POINT('',(0.0725,-0.072,0.0075));
#2888=CARTESIAN_POINT('',(0.0725,-0.072,0.00575));
#2889=CARTESIAN_POINT('',(0.069,-0.072,0.011));
#2890=CARTESIAN_POINT('',(0.069,-0.074,0.011));
#2891=CARTESIAN_POINT('',(0.0275,-0.076,0.011));
#2892=CARTESIAN_POINT('',(0.0275,-0.076,0.0075));
#2893=CARTESIAN_POINT('',(0.0275,-0.076,0.00575));
#2894=CARTESIAN_POINT('',(0.031,-0.076,0.011));
#2895=CARTESIAN_POINT('',(0.031,-0.076,0.011));
#2896=CARTESIAN_POINT('',(0.0275,-0.076,0.011));
#2897=CARTESIAN_POINT('',(0.024,-0.076,0.011));
#2898=CARTESIAN_POINT('',(0.024,-0.076,0.011));
#2899=CARTESIAN_POINT('',(0.031,-0.074,0.011));
#2900=CARTESIAN_POINT('',(0.031,-0.072,0.011));
#2901=CARTESIAN_POINT('',(0.031,-0.072,0.011));
#2902=CARTESIAN_POINT('',(0.031,-0.074,0.011));
#2903=CARTESIAN_POINT('',(0.0275,-0.072,0.011));
#2904=CARTESIAN_POINT('',(0.0275,-0.072,0.0075));
#2905=CARTESIAN_POINT('',(0.0275,-0.072,0.00575));
#2906=CARTESIAN_POINT('',(0.024,-0.072,0.011));
#2907=CARTESIAN_POINT('',(0.024,-0.072,0.011));
#2908=CARTESIAN_POINT('',(0.0275,-0.072,0.011));
#2909=CARTESIAN_POINT('',(0.024,-0.074,0.011));
#2910=CARTESIAN_POINT('',(0.024,-0.074,0.011));
#2911=CARTESIAN_POINT('',(-2.77555756156289E-17,-1.38777878078145E-17,0.011));
#2912=CARTESIAN_POINT('',(-0.1215,-0.07,0.0075));
#2913=CARTESIAN_POINT('',(-0.1215,-0.07,0.0075));
#2914=CARTESIAN_POINT('',(-0.0765,-0.07,0.0075));
#2915=CARTESIAN_POINT('',(-0.0765,-0.07,0.0075));
#2916=CARTESIAN_POINT('',(0.0275,-0.07,0.0075));
#2917=CARTESIAN_POINT('',(0.0275,-0.07,0.0075));
#2918=CARTESIAN_POINT('',(0.0725,-0.07,0.0075));
#2919=CARTESIAN_POINT('',(0.0725,-0.07,0.0075));
#2920=CARTESIAN_POINT('',(0.02025,0.102,0.0105));
#2921=CARTESIAN_POINT('',(-0.025,0.102,0.0105));
#2922=CARTESIAN_POINT('',(-0.025,0.102,0.0115));
#2923=CARTESIAN_POINT('',(0.02025,0.102,0.0115));
#2924=CARTESIAN_POINT('',(0.0695,0.102,0.0115));
#2925=CARTESIAN_POINT('',(0.0695,0.102,0.0105));
#2926=CARTESIAN_POINT('',(-0.025,0.1,0.0105));
#2927=CARTESIAN_POINT('',(-0.025,0.098,0.0105));
#2928=CARTESIAN_POINT('',(-0.025,0.098,0.0105));
#2929=CARTESIAN_POINT('',(-0.025,0.0995,0.0105));
#2930=CARTESIAN_POINT('',(-0.025,0.097,0.0105));
#2931=CARTESIAN_POINT('',(-0.025,0.097,0.0115));
#2932=CARTESIAN_POINT('',(-0.025,0.097,0.0115));
#2933=CARTESIAN_POINT('',(-0.025,0.0995,0.0115));
#2934=CARTESIAN_POINT('',(0.02025,0.098,0.0105));
#2935=CARTESIAN_POINT('',(0.0655,0.098,0.0105));
#2936=CARTESIAN_POINT('',(0.0655,0.098,0.0105));
#2937=CARTESIAN_POINT('',(0.02025,0.098,0.0105));
#2938=CARTESIAN_POINT('',(0.0655,0.0465,0.0105));
#2939=CARTESIAN_POINT('',(0.0655,-0.005,0.0105));
#2940=CARTESIAN_POINT('',(0.0655,-0.005,0.0105));
#2941=CARTESIAN_POINT('',(0.0655,0.0465,0.0105));
#2942=CARTESIAN_POINT('',(0.0655,0.0465,0.0105));
#2943=CARTESIAN_POINT('',(0.02025,-0.005,0.0105));
#2944=CARTESIAN_POINT('',(-0.025,-0.005,0.0105));
#2945=CARTESIAN_POINT('',(-0.025,-0.005,0.0105));
#2946=CARTESIAN_POINT('',(0.02025,-0.005,0.0105));
#2947=CARTESIAN_POINT('',(-0.025,-0.007,0.0105));
#2948=CARTESIAN_POINT('',(-0.025,-0.009,0.0105));
#2949=CARTESIAN_POINT('',(-0.025,-0.009,0.0115));
#2950=CARTESIAN_POINT('',(-0.025,-0.0065,0.0115));
#2951=CARTESIAN_POINT('',(-0.025,-0.004,0.0115));
#2952=CARTESIAN_POINT('',(-0.025,-0.004,0.0115));
#2953=CARTESIAN_POINT('',(-0.025,-0.004,0.0105));
#2954=CARTESIAN_POINT('',(-0.025,-0.0065,0.0105));
#2955=CARTESIAN_POINT('',(0.02225,-0.009,0.0105));
#2956=CARTESIAN_POINT('',(0.0695,-0.009,0.0105));
#2957=CARTESIAN_POINT('',(0.0695,-0.009,0.0115));
#2958=CARTESIAN_POINT('',(0.02225,-0.009,0.0115));
#2959=CARTESIAN_POINT('',(0.0695,0.0485,0.0105));
#2960=CARTESIAN_POINT('',(0.0695,0.0485,0.0115));
#2961=CARTESIAN_POINT('',(0.0695,0.097,0.0115));
#2962=CARTESIAN_POINT('',(0.0695,0.097,0.0115));
#2963=CARTESIAN_POINT('',(0.0695,-0.004,0.0115));
#2964=CARTESIAN_POINT('',(0.0695,-0.004,0.0115));
#2965=CARTESIAN_POINT('',(0.0695,0.0485,0.0115));
#2966=CARTESIAN_POINT('',(-0.012,-0.059,0.));
#2967=CARTESIAN_POINT('',(-0.012,-0.095,0.));
#2968=CARTESIAN_POINT('',(0.012,-0.095,0.));
#2969=CARTESIAN_POINT('',(0.012,-0.059,0.));
#2970=CARTESIAN_POINT('',(-0.075,0.065,0.));
#2971=CARTESIAN_POINT('',(0.065,-0.035,0.));
#2972=CARTESIAN_POINT('',(0.035,-0.035,0.));
#2973=CARTESIAN_POINT('',(-0.065,-0.025,0.));
#2974=CARTESIAN_POINT('',(-0.075,0.025,0.));
#2975=CARTESIAN_POINT('',(-0.095,-0.025,0.));
#2976=CARTESIAN_POINT('',(0.02225,0.0465,0.0105));
#2977=CARTESIAN_POINT('',(0.02225,-0.004,0.0105));
#2978=CARTESIAN_POINT('',(0.02225,-0.004,0.0115));
#2979=CARTESIAN_POINT('',(0.02225,-0.004,0.0115));
#2980=CARTESIAN_POINT('',(0.02225,0.0465,0.0115));
#2981=CARTESIAN_POINT('',(0.02225,0.049,0.0105));
#2982=CARTESIAN_POINT('',(0.02225,0.097,0.0105));
#2983=CARTESIAN_POINT('',(0.02225,0.097,0.0115));
#2984=CARTESIAN_POINT('',(0.02225,0.097,0.0115));
#2985=CARTESIAN_POINT('',(0.02225,0.049,0.0115));
#2986=CARTESIAN_POINT('',(-0.029,0.085,0.));
#2987=CARTESIAN_POINT('',(0.,-1.38777878078145E-17,0.003));
#2988=CARTESIAN_POINT('',(0.1005,-0.075,0.003));
#2989=CARTESIAN_POINT('',(0.094,-0.075,0.003));
#2990=CARTESIAN_POINT('',(0.1005,-0.075,0.003));
#2991=CARTESIAN_POINT('',(0.,-1.38777878078145E-17,0.003));
#2992=CARTESIAN_POINT('',(-0.0485,-0.075,0.003));
#2993=CARTESIAN_POINT('',(-0.055,-0.075,0.003));
#2994=CARTESIAN_POINT('',(-0.0485,-0.075,0.003));
#2995=MECHANICAL_DESIGN_GEOMETRIC_PRESENTATION_REPRESENTATION('',(#1856),
#2996);
#2996=(
GEOMETRIC_REPRESENTATION_CONTEXT(3)
GLOBAL_UNCERTAINTY_ASSIGNED_CONTEXT((#2997))
GLOBAL_UNIT_ASSIGNED_CONTEXT((#3000,#2999,#2998))
REPRESENTATION_CONTEXT('Part 1','TOP_LEVEL_ASSEMBLY_PART')
);
#2997=UNCERTAINTY_MEASURE_WITH_UNIT(LENGTH_MEASURE(1.E-8),#3000,
'DISTANCE_ACCURACY_VALUE','Maximum Tolerance applied to model');
#2998=(
NAMED_UNIT(*)
SI_UNIT($,.STERADIAN.)
SOLID_ANGLE_UNIT()
);
#2999=(
NAMED_UNIT(*)
PLANE_ANGLE_UNIT()
SI_UNIT($,.RADIAN.)
);
#3000=(
LENGTH_UNIT()
NAMED_UNIT(*)
SI_UNIT($,.METRE.)
);
#3001=PRODUCT_DEFINITION_SHAPE('','',#3002);
#3002=PRODUCT_DEFINITION('','',#3004,#3003);
#3003=PRODUCT_DEFINITION_CONTEXT('',#3010,'design');
#3004=PRODUCT_DEFINITION_FORMATION_WITH_SPECIFIED_SOURCE('','',#3006,
 .NOT_KNOWN.);
#3005=PRODUCT_RELATED_PRODUCT_CATEGORY('','',(#3006));
#3006=PRODUCT('Part 1','Part 1','Part 1',(#3008));
#3007=PRODUCT_CATEGORY('','');
#3008=PRODUCT_CONTEXT('',#3010,'mechanical');
#3009=APPLICATION_PROTOCOL_DEFINITION('international standard',
'ap242_managed_model_based_3d_engineering',2020,#3010);
#3010=APPLICATION_CONTEXT('managed model based 3d engineering');
ENDSEC;
END-ISO-10303-21;
